contract_id,project_id,contract_type,contractor_id,fidic_type,contract_value_aed,signed_date,commencement_date,completion_date,retention_pct,performance_bond_pct,advance_payment_pct,lad_per_day_aed,defect_liability_months,status
MC-PRJ-001-001,PRJ-001,Main Contract,,FIDIC Silver Book,97775164,2022-02-08,2022-05-04,2025-07-17,5.0,10.0,20,97775,24,Closed
SC-PRJ-001-001,PRJ-001,Subcontract,CON-063,Subcontract Agreement,4736863,2022-06-02,2022-06-11,2025-06-01,10.0,10.0,0,9473,12,Active
SC-PRJ-001-002,PRJ-001,Subcontract,CON-086,Subcontract Agreement,4930061,2022-05-30,2022-08-08,2025-04-20,10.0,10.0,0,9860,12,Active
SC-PRJ-001-003,PRJ-001,Subcontract,CON-059,Subcontract Agreement,6888466,2022-05-09,2022-06-08,2025-05-07,10.0,10.0,0,13776,12,Active
MC-PRJ-002-001,PRJ-002,Main Contract,,FIDIC Red Book,272840394,2022-03-05,2022-05-19,2024-11-04,10.0,10.0,15,272840,12,Closed
SC-PRJ-002-001,PRJ-002,Subcontract,CON-047,Subcontract Agreement,28642181,2022-08-02,2022-09-09,2024-08-09,10.0,10.0,0,57284,12,Active
SC-PRJ-002-002,PRJ-002,Subcontract,CON-049,Subcontract Agreement,23782453,2022-06-16,2022-08-23,2024-09-10,10.0,10.0,0,47564,12,Active
SC-PRJ-002-003,PRJ-002,Subcontract,CON-045,Subcontract Agreement,34443584,2022-07-20,2022-08-18,2024-08-10,10.0,10.0,0,68887,12,Completed
SC-PRJ-002-004,PRJ-002,Subcontract,CON-018,Subcontract Agreement,5690822,2022-07-14,2022-07-09,2024-09-21,10.0,10.0,0,11381,12,Active
SC-PRJ-002-005,PRJ-002,Subcontract,CON-036,Subcontract Agreement,23707201,2022-06-15,2022-07-07,2024-09-24,10.0,10.0,0,47414,12,Active
SC-PRJ-002-006,PRJ-002,Subcontract,CON-092,Subcontract Agreement,18304584,2022-06-03,2022-09-10,2024-09-21,10.0,10.0,0,36609,12,Active
MC-PRJ-003-001,PRJ-003,Main Contract,,FIDIC Yellow Book,343633682,2023-08-02,2023-10-17,2026-01-04,5.0,10.0,20,343633,24,Closed
SC-PRJ-003-001,PRJ-003,Subcontract,CON-021,Subcontract Agreement,16285320,2024-01-07,2024-01-07,2025-12-04,10.0,10.0,0,32570,12,Active
SC-PRJ-003-002,PRJ-003,Subcontract,CON-074,Subcontract Agreement,8800033,2023-12-31,2023-12-06,2025-11-27,10.0,10.0,0,17600,12,Completed
SC-PRJ-003-003,PRJ-003,Subcontract,CON-074,Subcontract Agreement,29773647,2023-11-04,2023-11-23,2025-11-25,10.0,10.0,0,59547,12,Active
SC-PRJ-003-004,PRJ-003,Subcontract,CON-067,Subcontract Agreement,48080569,2023-12-07,2024-01-31,2025-10-30,10.0,10.0,0,96161,12,Completed
SC-PRJ-003-005,PRJ-003,Subcontract,CON-093,Subcontract Agreement,7704474,2024-01-09,2023-12-22,2025-10-06,10.0,10.0,0,15408,12,Active
SC-PRJ-003-006,PRJ-003,Subcontract,CON-078,Subcontract Agreement,16548416,2023-12-16,2024-01-16,2025-11-25,10.0,10.0,0,33096,12,Active
MC-PRJ-004-001,PRJ-004,Main Contract,,FIDIC Yellow Book,150189055,2021-01-28,2021-04-06,2024-03-21,5.0,10.0,10,150189,24,Closed
SC-PRJ-004-001,PRJ-004,Subcontract,CON-044,Subcontract Agreement,17143222,2021-06-03,2021-07-21,2024-01-14,10.0,10.0,0,34286,12,Active
SC-PRJ-004-002,PRJ-004,Subcontract,CON-050,Subcontract Agreement,7490798,2021-04-22,2021-05-19,2024-02-19,10.0,10.0,0,14981,12,Active
SC-PRJ-004-003,PRJ-004,Subcontract,CON-065,Subcontract Agreement,13209499,2021-07-02,2021-06-28,2023-12-30,10.0,10.0,0,26418,12,Active
SC-PRJ-004-004,PRJ-004,Subcontract,CON-023,Subcontract Agreement,14826127,2021-06-05,2021-07-23,2024-01-13,10.0,10.0,0,29652,12,Active
MC-PRJ-005-001,PRJ-005,Main Contract,,FIDIC Silver Book,90697919,2020-02-15,2020-04-17,2022-06-06,5.0,10.0,0,90697,24,Closed
SC-PRJ-005-001,PRJ-005,Subcontract,CON-078,Subcontract Agreement,3350630,2020-06-25,2020-05-17,2022-03-11,10.0,10.0,0,6701,12,Completed
SC-PRJ-005-002,PRJ-005,Subcontract,CON-067,Subcontract Agreement,9468874,2020-06-09,2020-07-03,2022-03-13,10.0,10.0,0,18937,12,Active
SC-PRJ-005-003,PRJ-005,Subcontract,CON-055,Subcontract Agreement,10039675,2020-05-16,2020-07-17,2022-03-18,10.0,10.0,0,20079,12,Active
SC-PRJ-005-004,PRJ-005,Subcontract,CON-095,Subcontract Agreement,5946819,2020-07-15,2020-07-29,2022-05-01,10.0,10.0,0,11893,12,Active
SC-PRJ-005-005,PRJ-005,Subcontract,CON-062,Subcontract Agreement,3392537,2020-05-16,2020-05-27,2022-04-19,10.0,10.0,0,6785,12,Completed
SC-PRJ-005-006,PRJ-005,Subcontract,CON-053,Subcontract Agreement,12151672,2020-05-19,2020-06-10,2022-05-07,10.0,10.0,0,24303,12,Completed
SC-PRJ-005-007,PRJ-005,Subcontract,CON-001,Subcontract Agreement,10582083,2020-06-29,2020-07-22,2022-04-30,10.0,10.0,0,21164,12,Completed
SC-PRJ-005-008,PRJ-005,Subcontract,CON-084,Subcontract Agreement,1898781,2020-05-13,2020-08-13,2022-03-17,10.0,10.0,0,3797,12,Active
MC-PRJ-006-001,PRJ-006,Main Contract,,FIDIC Yellow Book,455554015,2025-01-28,2025-03-22,2028-01-06,5.0,10.0,10,455554,24,Active
SC-PRJ-006-001,PRJ-006,Subcontract,CON-034,Subcontract Agreement,43777886,2025-05-29,2025-06-14,2027-11-01,10.0,10.0,0,87555,12,Active
SC-PRJ-006-002,PRJ-006,Subcontract,CON-088,Subcontract Agreement,45347891,2025-05-11,2025-05-17,2027-11-11,10.0,10.0,0,90695,12,Completed
SC-PRJ-006-003,PRJ-006,Subcontract,CON-062,Subcontract Agreement,55528615,2025-04-13,2025-06-07,2027-11-02,10.0,10.0,0,111057,12,Completed
SC-PRJ-006-004,PRJ-006,Subcontract,CON-040,Subcontract Agreement,37760334,2025-06-03,2025-06-04,2027-10-19,10.0,10.0,0,75520,12,Completed
SC-PRJ-006-005,PRJ-006,Subcontract,CON-018,Subcontract Agreement,32689129,2025-06-14,2025-05-06,2027-10-21,10.0,10.0,0,65378,12,Active
SC-PRJ-006-006,PRJ-006,Subcontract,CON-090,Subcontract Agreement,35559331,2025-04-11,2025-05-03,2027-11-24,10.0,10.0,0,71118,12,Completed
SC-PRJ-006-007,PRJ-006,Subcontract,CON-044,Subcontract Agreement,32833107,2025-05-31,2025-07-08,2027-10-24,10.0,10.0,0,65666,12,Completed
SC-PRJ-006-008,PRJ-006,Subcontract,CON-021,Subcontract Agreement,50968609,2025-05-10,2025-07-11,2027-12-07,10.0,10.0,0,101937,12,Active
MC-PRJ-007-001,PRJ-007,Main Contract,,FIDIC Red Book,106057178,2025-02-06,2025-04-07,2029-03-17,10.0,10.0,0,106057,12,Active
SC-PRJ-007-001,PRJ-007,Subcontract,CON-011,Subcontract Agreement,5178785,2025-06-23,2025-05-11,2028-12-31,10.0,10.0,0,10357,12,Active
SC-PRJ-007-002,PRJ-007,Subcontract,CON-052,Subcontract Agreement,14952900,2025-06-24,2025-07-29,2029-01-13,10.0,10.0,0,29905,12,Active
SC-PRJ-007-003,PRJ-007,Subcontract,CON-077,Subcontract Agreement,11932361,2025-04-14,2025-05-29,2029-01-06,10.0,10.0,0,23864,12,Active
SC-PRJ-007-004,PRJ-007,Subcontract,CON-026,Subcontract Agreement,8173441,2025-06-30,2025-07-12,2029-01-28,10.0,10.0,0,16346,12,Active
SC-PRJ-007-005,PRJ-007,Subcontract,CON-077,Subcontract Agreement,2584530,2025-06-11,2025-07-12,2029-01-02,10.0,10.0,0,5169,12,Active
MC-PRJ-008-001,PRJ-008,Main Contract,,FIDIC Silver Book,183098329,2025-02-19,2025-03-31,2026-03-26,5.0,10.0,15,183098,12,Active
SC-PRJ-008-001,PRJ-008,Subcontract,CON-021,Subcontract Agreement,3668804,2025-04-11,2025-06-04,2026-01-06,10.0,10.0,0,7337,12,Active
SC-PRJ-008-002,PRJ-008,Subcontract,CON-051,Subcontract Agreement,12067387,2025-05-21,2025-07-14,2026-02-12,10.0,10.0,0,24134,12,Completed
SC-PRJ-008-003,PRJ-008,Subcontract,CON-091,Subcontract Agreement,4027732,2025-04-08,2025-05-11,2026-01-20,10.0,10.0,0,8055,12,Active
SC-PRJ-008-004,PRJ-008,Subcontract,CON-072,Subcontract Agreement,20946088,2025-06-13,2025-06-13,2026-02-02,10.0,10.0,0,41892,12,Active
SC-PRJ-008-005,PRJ-008,Subcontract,CON-025,Subcontract Agreement,9048429,2025-05-28,2025-06-20,2026-01-19,10.0,10.0,0,18096,12,Active
SC-PRJ-008-006,PRJ-008,Subcontract,CON-053,Subcontract Agreement,9877051,2025-06-03,2025-05-13,2026-01-20,10.0,10.0,0,19754,12,Active
SC-PRJ-008-007,PRJ-008,Subcontract,CON-044,Subcontract Agreement,15638792,2025-04-14,2025-07-04,2026-02-08,10.0,10.0,0,31277,12,Completed
SC-PRJ-008-008,PRJ-008,Subcontract,CON-074,Subcontract Agreement,23017136,2025-05-02,2025-07-27,2026-01-27,10.0,10.0,0,46034,12,Active
MC-PRJ-009-001,PRJ-009,Main Contract,,FIDIC Silver Book,459450966,2021-12-04,2022-02-02,2023-08-26,5.0,10.0,15,459450,24,Closed
SC-PRJ-009-001,PRJ-009,Subcontract,CON-076,Subcontract Agreement,36707218,2022-02-05,2022-05-04,2023-07-20,10.0,10.0,0,73414,12,Active
SC-PRJ-009-002,PRJ-009,Subcontract,CON-082,Subcontract Agreement,13223942,2022-03-02,2022-05-29,2023-06-13,10.0,10.0,0,26447,12,Active
SC-PRJ-009-003,PRJ-009,Subcontract,CON-053,Subcontract Agreement,56981559,2022-03-19,2022-05-09,2023-06-23,10.0,10.0,0,113963,12,Active
SC-PRJ-009-004,PRJ-009,Subcontract,CON-034,Subcontract Agreement,51047948,2022-03-05,2022-04-09,2023-07-22,10.0,10.0,0,102095,12,Active
SC-PRJ-009-005,PRJ-009,Subcontract,CON-044,Subcontract Agreement,49428069,2022-02-11,2022-05-13,2023-05-29,10.0,10.0,0,98856,12,Active
SC-PRJ-009-006,PRJ-009,Subcontract,CON-046,Subcontract Agreement,37653021,2022-03-01,2022-05-16,2023-07-10,10.0,10.0,0,75306,12,Active
SC-PRJ-009-007,PRJ-009,Subcontract,CON-088,Subcontract Agreement,65759082,2022-02-26,2022-05-06,2023-06-10,10.0,10.0,0,131518,12,Active
SC-PRJ-009-008,PRJ-009,Subcontract,CON-031,Subcontract Agreement,23216966,2022-03-07,2022-03-30,2023-07-13,10.0,10.0,0,46433,12,Active
MC-PRJ-010-001,PRJ-010,Main Contract,,FIDIC Red Book,78256928,2022-04-13,2022-07-05,2025-02-19,10.0,10.0,10,78256,12,Closed
SC-PRJ-010-001,PRJ-010,Subcontract,CON-087,Subcontract Agreement,10926581,2022-09-27,2022-10-06,2024-12-12,10.0,10.0,0,21853,12,Active
SC-PRJ-010-002,PRJ-010,Subcontract,CON-070,Subcontract Agreement,9340101,2022-07-10,2022-10-04,2024-12-28,10.0,10.0,0,18680,12,Completed
SC-PRJ-010-003,PRJ-010,Subcontract,CON-074,Subcontract Agreement,4774001,2022-08-09,2022-10-05,2025-01-09,10.0,10.0,0,9548,12,Completed
MC-PRJ-011-001,PRJ-011,Main Contract,,FIDIC Yellow Book,208143422,2024-02-04,2024-03-30,2026-02-18,5.0,10.0,10,208143,12,Active
SC-PRJ-011-001,PRJ-011,Subcontract,CON-062,Subcontract Agreement,25790029,2024-06-07,2024-05-03,2025-12-18,10.0,10.0,0,51580,12,Active
SC-PRJ-011-002,PRJ-011,Subcontract,CON-088,Subcontract Agreement,14816314,2024-04-21,2024-06-26,2026-01-12,10.0,10.0,0,29632,12,Completed
SC-PRJ-011-003,PRJ-011,Subcontract,CON-041,Subcontract Agreement,18184797,2024-06-26,2024-04-30,2026-01-19,10.0,10.0,0,36369,12,Completed
SC-PRJ-011-004,PRJ-011,Subcontract,CON-075,Subcontract Agreement,9865542,2024-04-11,2024-06-09,2025-12-27,10.0,10.0,0,19731,12,Completed
SC-PRJ-011-005,PRJ-011,Subcontract,CON-024,Subcontract Agreement,27483145,2024-06-08,2024-06-01,2026-01-04,10.0,10.0,0,54966,12,Active
SC-PRJ-011-006,PRJ-011,Subcontract,CON-079,Subcontract Agreement,16916835,2024-05-12,2024-06-14,2026-01-08,10.0,10.0,0,33833,12,Active
SC-PRJ-011-007,PRJ-011,Subcontract,CON-054,Subcontract Agreement,15634188,2024-06-27,2024-06-15,2025-12-27,10.0,10.0,0,31268,12,Active
MC-PRJ-012-001,PRJ-012,Main Contract,,FIDIC Yellow Book,348407744,2023-05-07,2023-07-04,2025-08-22,5.0,10.0,10,348407,12,Closed
SC-PRJ-012-001,PRJ-012,Subcontract,CON-031,Subcontract Agreement,39616054,2023-09-13,2023-09-27,2025-05-30,10.0,10.0,0,79232,12,Active
SC-PRJ-012-002,PRJ-012,Subcontract,CON-095,Subcontract Agreement,15848447,2023-07-23,2023-10-02,2025-06-02,10.0,10.0,0,31696,12,Active
SC-PRJ-012-003,PRJ-012,Subcontract,CON-064,Subcontract Agreement,14967229,2023-07-21,2023-10-22,2025-06-20,10.0,10.0,0,29934,12,Completed
MC-PRJ-013-001,PRJ-013,Main Contract,,FIDIC Silver Book,244782620,2024-07-18,2024-09-06,2027-05-24,10.0,10.0,15,244782,24,Active
SC-PRJ-013-001,PRJ-013,Subcontract,CON-007,Subcontract Agreement,32214679,2024-10-26,2024-10-18,2027-03-11,10.0,10.0,0,64429,12,Active
SC-PRJ-013-002,PRJ-013,Subcontract,CON-033,Subcontract Agreement,6806114,2024-11-05,2024-12-25,2027-04-18,10.0,10.0,0,13612,12,Active
SC-PRJ-013-003,PRJ-013,Subcontract,CON-034,Subcontract Agreement,28589904,2024-10-22,2024-11-21,2027-03-20,10.0,10.0,0,57179,12,Completed
SC-PRJ-013-004,PRJ-013,Subcontract,CON-033,Subcontract Agreement,34548568,2024-10-20,2024-10-08,2027-03-29,10.0,10.0,0,69097,12,Active
SC-PRJ-013-005,PRJ-013,Subcontract,CON-087,Subcontract Agreement,16067962,2024-11-22,2024-10-31,2027-03-19,10.0,10.0,0,32135,12,Completed
SC-PRJ-013-006,PRJ-013,Subcontract,CON-069,Subcontract Agreement,25575503,2024-09-28,2024-11-11,2027-04-02,10.0,10.0,0,51151,12,Active
SC-PRJ-013-007,PRJ-013,Subcontract,CON-063,Subcontract Agreement,26317820,2024-11-02,2024-10-16,2027-03-31,10.0,10.0,0,52635,12,Completed
MC-PRJ-014-001,PRJ-014,Main Contract,,FIDIC Yellow Book,398303304,2023-11-30,2024-01-28,2027-05-12,5.0,10.0,10,398303,24,Active
SC-PRJ-014-001,PRJ-014,Subcontract,CON-074,Subcontract Agreement,40653043,2024-03-19,2024-03-07,2027-04-07,10.0,10.0,0,81306,12,Active
SC-PRJ-014-002,PRJ-014,Subcontract,CON-041,Subcontract Agreement,25758797,2024-03-08,2024-05-20,2027-03-25,10.0,10.0,0,51517,12,Completed
SC-PRJ-014-003,PRJ-014,Subcontract,CON-083,Subcontract Agreement,21815633,2024-03-18,2024-04-01,2027-02-15,10.0,10.0,0,43631,12,Active
SC-PRJ-014-004,PRJ-014,Subcontract,CON-047,Subcontract Agreement,48404456,2024-04-12,2024-05-03,2027-03-15,10.0,10.0,0,96808,12,Active
SC-PRJ-014-005,PRJ-014,Subcontract,CON-003,Subcontract Agreement,16629702,2024-02-13,2024-03-28,2027-03-01,10.0,10.0,0,33259,12,Active
SC-PRJ-014-006,PRJ-014,Subcontract,CON-090,Subcontract Agreement,56661374,2024-02-07,2024-03-24,2027-04-02,10.0,10.0,0,113322,12,Active
MC-PRJ-015-001,PRJ-015,Main Contract,,FIDIC Red Book,434064315,2020-06-02,2020-07-08,2021-10-31,5.0,10.0,20,434064,12,Closed
SC-PRJ-015-001,PRJ-015,Subcontract,CON-068,Subcontract Agreement,52183811,2020-07-18,2020-08-20,2021-09-15,10.0,10.0,0,104367,12,Completed
SC-PRJ-015-002,PRJ-015,Subcontract,CON-084,Subcontract Agreement,17443164,2020-08-26,2020-09-15,2021-09-17,10.0,10.0,0,34886,12,Active
SC-PRJ-015-003,PRJ-015,Subcontract,CON-057,Subcontract Agreement,50302463,2020-09-26,2020-08-23,2021-09-23,10.0,10.0,0,100604,12,Completed
MC-PRJ-016-001,PRJ-016,Main Contract,,FIDIC Red Book,487176741,2020-08-29,2020-09-29,2024-08-09,5.0,10.0,15,487176,24,Closed
SC-PRJ-016-001,PRJ-016,Subcontract,CON-070,Subcontract Agreement,39332288,2020-11-02,2021-01-07,2024-06-12,10.0,10.0,0,78664,12,Active
SC-PRJ-016-002,PRJ-016,Subcontract,CON-090,Subcontract Agreement,71147532,2020-12-07,2020-11-20,2024-06-03,10.0,10.0,0,142295,12,Completed
SC-PRJ-016-003,PRJ-016,Subcontract,CON-096,Subcontract Agreement,38657788,2020-12-19,2021-01-09,2024-06-13,10.0,10.0,0,77315,12,Completed
SC-PRJ-016-004,PRJ-016,Subcontract,CON-069,Subcontract Agreement,50263118,2020-11-07,2020-12-12,2024-06-10,10.0,10.0,0,100526,12,Completed
SC-PRJ-016-005,PRJ-016,Subcontract,CON-012,Subcontract Agreement,24128255,2020-11-24,2020-12-07,2024-06-17,10.0,10.0,0,48256,12,Active
SC-PRJ-016-006,PRJ-016,Subcontract,CON-039,Subcontract Agreement,26197888,2020-09-30,2020-10-29,2024-06-07,10.0,10.0,0,52395,12,Active
MC-PRJ-017-001,PRJ-017,Main Contract,,FIDIC Yellow Book,59362373,2022-04-01,2022-05-19,2023-08-12,10.0,10.0,0,59362,24,Closed
SC-PRJ-017-001,PRJ-017,Subcontract,CON-099,Subcontract Agreement,3499374,2022-07-13,2022-07-25,2023-06-05,10.0,10.0,0,6998,12,Active
SC-PRJ-017-002,PRJ-017,Subcontract,CON-071,Subcontract Agreement,7335987,2022-07-05,2022-07-12,2023-06-17,10.0,10.0,0,14671,12,Completed
SC-PRJ-017-003,PRJ-017,Subcontract,CON-032,Subcontract Agreement,4560444,2022-06-08,2022-09-08,2023-06-19,10.0,10.0,0,9120,12,Active
SC-PRJ-017-004,PRJ-017,Subcontract,CON-011,Subcontract Agreement,2889583,2022-07-12,2022-09-06,2023-06-28,10.0,10.0,0,5779,12,Completed
SC-PRJ-017-005,PRJ-017,Subcontract,CON-079,Subcontract Agreement,7087272,2022-08-15,2022-09-13,2023-06-26,10.0,10.0,0,14174,12,Active
SC-PRJ-017-006,PRJ-017,Subcontract,CON-069,Subcontract Agreement,6191460,2022-06-22,2022-08-09,2023-07-01,10.0,10.0,0,12382,12,Active
MC-PRJ-018-001,PRJ-018,Main Contract,,FIDIC Red Book,132532765,2023-02-25,2023-04-04,2025-10-20,10.0,10.0,0,132532,24,Closed
SC-PRJ-018-001,PRJ-018,Subcontract,CON-090,Subcontract Agreement,10451499,2023-06-22,2023-07-05,2025-09-08,10.0,10.0,0,20902,12,Active
SC-PRJ-018-002,PRJ-018,Subcontract,CON-007,Subcontract Agreement,2984823,2023-06-11,2023-05-06,2025-09-09,10.0,10.0,0,5969,12,Active
SC-PRJ-018-003,PRJ-018,Subcontract,CON-017,Subcontract Agreement,7511279,2023-05-30,2023-05-05,2025-09-06,10.0,10.0,0,15022,12,Active
SC-PRJ-018-004,PRJ-018,Subcontract,CON-064,Subcontract Agreement,5246823,2023-05-01,2023-06-16,2025-08-25,10.0,10.0,0,10493,12,Active
SC-PRJ-018-005,PRJ-018,Subcontract,CON-064,Subcontract Agreement,16188121,2023-05-21,2023-07-02,2025-08-07,10.0,10.0,0,32376,12,Active
SC-PRJ-018-006,PRJ-018,Subcontract,CON-097,Subcontract Agreement,8340594,2023-04-22,2023-05-11,2025-09-03,10.0,10.0,0,16681,12,Active
SC-PRJ-018-007,PRJ-018,Subcontract,CON-061,Subcontract Agreement,3880560,2023-04-27,2023-05-28,2025-07-25,10.0,10.0,0,7761,12,Active
MC-PRJ-019-001,PRJ-019,Main Contract,,FIDIC Yellow Book,447326499,2020-12-09,2021-03-02,2023-08-19,5.0,10.0,0,447326,12,Closed
SC-PRJ-019-001,PRJ-019,Subcontract,CON-057,Subcontract Agreement,53795168,2021-04-02,2021-04-05,2023-07-08,10.0,10.0,0,107590,12,Active
SC-PRJ-019-002,PRJ-019,Subcontract,CON-013,Subcontract Agreement,51707347,2021-05-07,2021-06-25,2023-07-07,10.0,10.0,0,103414,12,Active
SC-PRJ-019-003,PRJ-019,Subcontract,CON-040,Subcontract Agreement,31574981,2021-04-12,2021-04-21,2023-06-10,10.0,10.0,0,63149,12,Completed
SC-PRJ-019-004,PRJ-019,Subcontract,CON-071,Subcontract Agreement,11399744,2021-05-07,2021-04-16,2023-07-04,10.0,10.0,0,22799,12,Active
SC-PRJ-019-005,PRJ-019,Subcontract,CON-026,Subcontract Agreement,46078029,2021-04-17,2021-04-07,2023-05-26,10.0,10.0,0,92156,12,Completed
SC-PRJ-019-006,PRJ-019,Subcontract,CON-015,Subcontract Agreement,21611449,2021-04-01,2021-06-21,2023-06-23,10.0,10.0,0,43222,12,Active
MC-PRJ-020-001,PRJ-020,Main Contract,,FIDIC Red Book,170545968,2023-06-16,2023-07-26,2025-02-15,10.0,10.0,0,170545,24,Closed
SC-PRJ-020-001,PRJ-020,Subcontract,CON-006,Subcontract Agreement,3608902,2023-10-08,2023-11-21,2024-12-17,10.0,10.0,0,7217,12,Completed
SC-PRJ-020-002,PRJ-020,Subcontract,CON-048,Subcontract Agreement,16629527,2023-08-06,2023-09-25,2025-01-06,10.0,10.0,0,33259,12,Active
SC-PRJ-020-003,PRJ-020,Subcontract,CON-080,Subcontract Agreement,5437380,2023-09-07,2023-11-13,2025-01-13,10.0,10.0,0,10874,12,Active
SC-PRJ-020-004,PRJ-020,Subcontract,CON-020,Subcontract Agreement,11293093,2023-10-23,2023-11-01,2024-11-27,10.0,10.0,0,22586,12,Active
MC-PRJ-021-001,PRJ-021,Main Contract,,FIDIC Red Book,244323779,2021-07-12,2021-09-11,2023-08-02,5.0,10.0,15,244323,24,Closed
SC-PRJ-021-001,PRJ-021,Subcontract,CON-003,Subcontract Agreement,28174086,2021-12-08,2021-11-28,2023-06-11,10.0,10.0,0,56348,12,Completed
SC-PRJ-021-002,PRJ-021,Subcontract,CON-006,Subcontract Agreement,9165851,2021-11-12,2022-01-09,2023-06-05,10.0,10.0,0,18331,12,Completed
SC-PRJ-021-003,PRJ-021,Subcontract,CON-090,Subcontract Agreement,14247227,2021-11-12,2021-11-04,2023-05-28,10.0,10.0,0,28494,12,Active
SC-PRJ-021-004,PRJ-021,Subcontract,CON-042,Subcontract Agreement,22153000,2021-11-09,2021-11-15,2023-05-09,10.0,10.0,0,44306,12,Completed
SC-PRJ-021-005,PRJ-021,Subcontract,CON-071,Subcontract Agreement,33932082,2021-10-01,2021-10-19,2023-05-31,10.0,10.0,0,67864,12,Active
SC-PRJ-021-006,PRJ-021,Subcontract,CON-034,Subcontract Agreement,19159857,2021-11-19,2021-11-26,2023-06-04,10.0,10.0,0,38319,12,Active
MC-PRJ-022-001,PRJ-022,Main Contract,,FIDIC Silver Book,363705560,2024-04-20,2024-06-21,2025-11-13,10.0,10.0,10,363705,12,Closed
SC-PRJ-022-001,PRJ-022,Subcontract,CON-100,Subcontract Agreement,47786476,2024-09-08,2024-08-20,2025-09-24,10.0,10.0,0,95572,12,Completed
SC-PRJ-022-002,PRJ-022,Subcontract,CON-069,Subcontract Agreement,10269018,2024-08-09,2024-08-14,2025-09-11,10.0,10.0,0,20538,12,Completed
SC-PRJ-022-003,PRJ-022,Subcontract,CON-071,Subcontract Agreement,30799092,2024-07-10,2024-10-07,2025-09-26,10.0,10.0,0,61598,12,Active
SC-PRJ-022-004,PRJ-022,Subcontract,CON-042,Subcontract Agreement,26650375,2024-07-05,2024-08-02,2025-09-11,10.0,10.0,0,53300,12,Completed
SC-PRJ-022-005,PRJ-022,Subcontract,CON-017,Subcontract Agreement,10426849,2024-07-13,2024-07-25,2025-10-02,10.0,10.0,0,20853,12,Active
SC-PRJ-022-006,PRJ-022,Subcontract,CON-013,Subcontract Agreement,30223254,2024-06-25,2024-10-02,2025-09-03,10.0,10.0,0,60446,12,Active
SC-PRJ-022-007,PRJ-022,Subcontract,CON-068,Subcontract Agreement,38381761,2024-09-08,2024-10-18,2025-09-07,10.0,10.0,0,76763,12,Active
MC-PRJ-023-001,PRJ-023,Main Contract,,FIDIC Red Book,478334318,2021-12-22,2022-02-13,2026-01-23,5.0,10.0,0,478334,12,Closed
SC-PRJ-023-001,PRJ-023,Subcontract,CON-011,Subcontract Agreement,50343451,2022-04-13,2022-06-04,2025-12-21,10.0,10.0,0,100686,12,Active
SC-PRJ-023-002,PRJ-023,Subcontract,CON-054,Subcontract Agreement,44266294,2022-04-01,2022-06-13,2025-12-21,10.0,10.0,0,88532,12,Completed
SC-PRJ-023-003,PRJ-023,Subcontract,CON-006,Subcontract Agreement,26096022,2022-02-22,2022-04-22,2025-12-20,10.0,10.0,0,52192,12,Active
SC-PRJ-023-004,PRJ-023,Subcontract,CON-013,Subcontract Agreement,69299295,2022-02-25,2022-04-13,2025-11-20,10.0,10.0,0,138598,12,Active
MC-PRJ-024-001,PRJ-024,Main Contract,,FIDIC Red Book,411512617,2025-04-01,2025-05-13,2026-12-04,5.0,10.0,10,411512,24,Active
SC-PRJ-024-001,PRJ-024,Subcontract,CON-082,Subcontract Agreement,13874906,2025-07-25,2025-07-27,2026-09-22,10.0,10.0,0,27749,12,Active
SC-PRJ-024-002,PRJ-024,Subcontract,CON-055,Subcontract Agreement,45814339,2025-05-26,2025-07-03,2026-09-15,10.0,10.0,0,91628,12,Active
SC-PRJ-024-003,PRJ-024,Subcontract,CON-065,Subcontract Agreement,37651557,2025-06-25,2025-09-04,2026-10-25,10.0,10.0,0,75303,12,Completed
SC-PRJ-024-004,PRJ-024,Subcontract,CON-057,Subcontract Agreement,61643093,2025-06-27,2025-07-22,2026-09-30,10.0,10.0,0,123286,12,Active
SC-PRJ-024-005,PRJ-024,Subcontract,CON-053,Subcontract Agreement,53427103,2025-08-02,2025-08-06,2026-09-13,10.0,10.0,0,106854,12,Completed
SC-PRJ-024-006,PRJ-024,Subcontract,CON-031,Subcontract Agreement,25533789,2025-07-24,2025-08-20,2026-10-22,10.0,10.0,0,51067,12,Active
SC-PRJ-024-007,PRJ-024,Subcontract,CON-096,Subcontract Agreement,49193069,2025-06-14,2025-07-28,2026-10-07,10.0,10.0,0,98386,12,Active
SC-PRJ-024-008,PRJ-024,Subcontract,CON-001,Subcontract Agreement,59577634,2025-05-17,2025-07-18,2026-09-27,10.0,10.0,0,119155,12,Active
MC-PRJ-025-001,PRJ-025,Main Contract,,FIDIC Silver Book,176664198,2024-07-09,2024-08-16,2026-12-04,10.0,10.0,0,176664,24,Active
SC-PRJ-025-001,PRJ-025,Subcontract,CON-041,Subcontract Agreement,8466978,2024-08-18,2024-12-12,2026-09-13,10.0,10.0,0,16933,12,Active
SC-PRJ-025-002,PRJ-025,Subcontract,CON-066,Subcontract Agreement,24641929,2024-10-26,2024-11-27,2026-09-06,10.0,10.0,0,49283,12,Completed
SC-PRJ-025-003,PRJ-025,Subcontract,CON-005,Subcontract Agreement,7086517,2024-10-13,2024-10-30,2026-10-26,10.0,10.0,0,14173,12,Active
SC-PRJ-025-004,PRJ-025,Subcontract,CON-075,Subcontract Agreement,9619094,2024-09-16,2024-10-14,2026-10-19,10.0,10.0,0,19238,12,Active
MC-PRJ-026-001,PRJ-026,Main Contract,,FIDIC Red Book,65408093,2019-12-26,2020-03-01,2023-04-15,10.0,10.0,10,65408,12,Closed
SC-PRJ-026-001,PRJ-026,Subcontract,CON-062,Subcontract Agreement,4069035,2020-03-23,2020-06-01,2023-01-23,10.0,10.0,0,8138,12,Completed
SC-PRJ-026-002,PRJ-026,Subcontract,CON-013,Subcontract Agreement,7284514,2020-05-16,2020-06-21,2023-02-25,10.0,10.0,0,14569,12,Active
SC-PRJ-026-003,PRJ-026,Subcontract,CON-074,Subcontract Agreement,7522101,2020-04-18,2020-04-10,2023-01-26,10.0,10.0,0,15044,12,Active
SC-PRJ-026-004,PRJ-026,Subcontract,CON-043,Subcontract Agreement,9146883,2020-04-14,2020-05-25,2023-02-18,10.0,10.0,0,18293,12,Active
SC-PRJ-026-005,PRJ-026,Subcontract,CON-030,Subcontract Agreement,8704001,2020-05-23,2020-06-16,2023-01-16,10.0,10.0,0,17408,12,Active
SC-PRJ-026-006,PRJ-026,Subcontract,CON-081,Subcontract Agreement,6698136,2020-04-18,2020-04-06,2023-02-25,10.0,10.0,0,13396,12,Completed
SC-PRJ-026-007,PRJ-026,Subcontract,CON-070,Subcontract Agreement,1658336,2020-05-12,2020-04-19,2023-02-24,10.0,10.0,0,3316,12,Completed
SC-PRJ-026-008,PRJ-026,Subcontract,CON-020,Subcontract Agreement,7241325,2020-03-07,2020-06-25,2023-01-29,10.0,10.0,0,14482,12,Active
MC-PRJ-027-001,PRJ-027,Main Contract,,FIDIC Yellow Book,477519300,2023-01-15,2023-04-03,2027-01-12,5.0,10.0,10,477519,24,Active
SC-PRJ-027-001,PRJ-027,Subcontract,CON-019,Subcontract Agreement,58366171,2023-04-19,2023-06-15,2026-12-08,10.0,10.0,0,116732,12,Active
SC-PRJ-027-002,PRJ-027,Subcontract,CON-007,Subcontract Agreement,45023994,2023-06-12,2023-06-23,2026-11-27,10.0,10.0,0,90047,12,Active
SC-PRJ-027-003,PRJ-027,Subcontract,CON-056,Subcontract Agreement,34289951,2023-07-01,2023-05-19,2026-10-26,10.0,10.0,0,68579,12,Active
SC-PRJ-027-004,PRJ-027,Subcontract,CON-026,Subcontract Agreement,39404856,2023-06-04,2023-06-22,2026-11-02,10.0,10.0,0,78809,12,Completed
SC-PRJ-027-005,PRJ-027,Subcontract,CON-079,Subcontract Agreement,21723742,2023-06-09,2023-06-03,2026-11-28,10.0,10.0,0,43447,12,Active
MC-PRJ-028-001,PRJ-028,Main Contract,,FIDIC Yellow Book,25821214,2022-11-02,2023-01-20,2026-02-03,10.0,10.0,15,25821,12,Closed
SC-PRJ-028-001,PRJ-028,Subcontract,CON-055,Subcontract Agreement,2771318,2023-03-07,2023-04-04,2025-12-23,10.0,10.0,0,5542,12,Active
SC-PRJ-028-002,PRJ-028,Subcontract,CON-084,Subcontract Agreement,1672910,2023-01-23,2023-03-30,2025-12-25,10.0,10.0,0,3345,12,Active
SC-PRJ-028-003,PRJ-028,Subcontract,CON-057,Subcontract Agreement,2584928,2023-04-09,2023-03-09,2025-12-07,10.0,10.0,0,5169,12,Active
MC-PRJ-029-001,PRJ-029,Main Contract,,FIDIC Red Book,155509962,2023-12-19,2024-01-30,2026-08-17,10.0,10.0,10,155509,12,Active
SC-PRJ-029-001,PRJ-029,Subcontract,CON-032,Subcontract Agreement,18061799,2024-04-18,2024-03-18,2026-05-24,10.0,10.0,0,36123,12,Active
SC-PRJ-029-002,PRJ-029,Subcontract,CON-089,Subcontract Agreement,3387835,2024-02-13,2024-04-08,2026-06-20,10.0,10.0,0,6775,12,Active
SC-PRJ-029-003,PRJ-029,Subcontract,CON-027,Subcontract Agreement,3570081,2024-04-07,2024-03-27,2026-07-05,10.0,10.0,0,7140,12,Completed
MC-PRJ-030-001,PRJ-030,Main Contract,,FIDIC Silver Book,242144795,2024-06-01,2024-08-18,2026-08-08,10.0,10.0,20,242144,12,Active
SC-PRJ-030-001,PRJ-030,Subcontract,CON-003,Subcontract Agreement,26838888,2024-10-05,2024-11-30,2026-05-13,10.0,10.0,0,53677,12,Completed
SC-PRJ-030-002,PRJ-030,Subcontract,CON-033,Subcontract Agreement,21425911,2024-09-08,2024-09-24,2026-06-21,10.0,10.0,0,42851,12,Active
SC-PRJ-030-003,PRJ-030,Subcontract,CON-080,Subcontract Agreement,29685621,2024-09-21,2024-09-23,2026-06-10,10.0,10.0,0,59371,12,Completed
SC-PRJ-030-004,PRJ-030,Subcontract,CON-009,Subcontract Agreement,34595939,2024-10-06,2024-12-10,2026-06-22,10.0,10.0,0,69191,12,Completed
SC-PRJ-030-005,PRJ-030,Subcontract,CON-085,Subcontract Agreement,31665464,2024-10-03,2024-09-30,2026-07-08,10.0,10.0,0,63330,12,Active
SC-PRJ-030-006,PRJ-030,Subcontract,CON-084,Subcontract Agreement,32147956,2024-10-06,2024-10-16,2026-06-15,10.0,10.0,0,64295,12,Completed
SC-PRJ-030-007,PRJ-030,Subcontract,CON-013,Subcontract Agreement,35585490,2024-09-27,2024-11-18,2026-05-15,10.0,10.0,0,71170,12,Completed
SC-PRJ-030-008,PRJ-030,Subcontract,CON-024,Subcontract Agreement,21575799,2024-09-12,2024-11-20,2026-06-10,10.0,10.0,0,43151,12,Completed
MC-PRJ-031-001,PRJ-031,Main Contract,,FIDIC Silver Book,77826441,2024-01-14,2024-02-14,2027-02-28,5.0,10.0,10,77826,24,Active
SC-PRJ-031-001,PRJ-031,Subcontract,CON-096,Subcontract Agreement,6513393,2024-03-05,2024-03-17,2027-01-07,10.0,10.0,0,13026,12,Completed
SC-PRJ-031-002,PRJ-031,Subcontract,CON-081,Subcontract Agreement,5116987,2024-03-23,2024-04-14,2026-12-28,10.0,10.0,0,10233,12,Active
SC-PRJ-031-003,PRJ-031,Subcontract,CON-081,Subcontract Agreement,9770803,2024-03-17,2024-05-03,2026-12-04,10.0,10.0,0,19541,12,Active
SC-PRJ-031-004,PRJ-031,Subcontract,CON-036,Subcontract Agreement,11108772,2024-03-13,2024-04-03,2027-01-08,10.0,10.0,0,22217,12,Active
SC-PRJ-031-005,PRJ-031,Subcontract,CON-012,Subcontract Agreement,8202994,2024-04-02,2024-05-20,2026-12-17,10.0,10.0,0,16405,12,Completed
MC-PRJ-032-001,PRJ-032,Main Contract,,FIDIC Silver Book,202757434,2022-09-22,2022-12-04,2025-04-22,5.0,10.0,20,202757,12,Closed
SC-PRJ-032-001,PRJ-032,Subcontract,CON-040,Subcontract Agreement,8081382,2023-02-19,2023-02-14,2025-02-23,10.0,10.0,0,16162,12,Completed
SC-PRJ-032-002,PRJ-032,Subcontract,CON-084,Subcontract Agreement,7528460,2022-12-21,2023-03-18,2025-02-17,10.0,10.0,0,15056,12,Completed
SC-PRJ-032-003,PRJ-032,Subcontract,CON-018,Subcontract Agreement,25144691,2023-01-12,2023-04-01,2025-02-06,10.0,10.0,0,50289,12,Completed
SC-PRJ-032-004,PRJ-032,Subcontract,CON-056,Subcontract Agreement,28029826,2022-12-22,2023-03-27,2025-01-23,10.0,10.0,0,56059,12,Completed
SC-PRJ-032-005,PRJ-032,Subcontract,CON-041,Subcontract Agreement,28228817,2022-12-12,2023-03-15,2025-02-17,10.0,10.0,0,56457,12,Completed
SC-PRJ-032-006,PRJ-032,Subcontract,CON-041,Subcontract Agreement,7175656,2022-12-22,2023-01-06,2025-02-03,10.0,10.0,0,14351,12,Active
SC-PRJ-032-007,PRJ-032,Subcontract,CON-053,Subcontract Agreement,27254075,2023-01-25,2023-02-10,2025-02-23,10.0,10.0,0,54508,12,Completed
MC-PRJ-033-001,PRJ-033,Main Contract,,FIDIC Silver Book,320078935,2024-07-26,2024-10-23,2028-04-05,10.0,10.0,10,320078,12,Active
SC-PRJ-033-001,PRJ-033,Subcontract,CON-004,Subcontract Agreement,11875237,2025-01-09,2025-02-08,2028-02-18,10.0,10.0,0,23750,12,Completed
SC-PRJ-033-002,PRJ-033,Subcontract,CON-030,Subcontract Agreement,29996390,2025-01-07,2024-12-21,2028-02-21,10.0,10.0,0,59992,12,Completed
SC-PRJ-033-003,PRJ-033,Subcontract,CON-011,Subcontract Agreement,7486961,2025-01-19,2025-01-22,2028-02-27,10.0,10.0,0,14973,12,Completed
MC-PRJ-034-001,PRJ-034,Main Contract,,FIDIC Silver Book,368834864,2024-02-09,2024-04-09,2026-05-29,10.0,10.0,10,368834,24,Active
SC-PRJ-034-001,PRJ-034,Subcontract,CON-021,Subcontract Agreement,30096961,2024-05-03,2024-06-06,2026-04-27,10.0,10.0,0,60193,12,Active
SC-PRJ-034-002,PRJ-034,Subcontract,CON-002,Subcontract Agreement,44035213,2024-05-13,2024-06-30,2026-04-15,10.0,10.0,0,88070,12,Completed
SC-PRJ-034-003,PRJ-034,Subcontract,CON-026,Subcontract Agreement,39566421,2024-05-05,2024-05-17,2026-04-18,10.0,10.0,0,79132,12,Active
SC-PRJ-034-004,PRJ-034,Subcontract,CON-063,Subcontract Agreement,48954260,2024-07-06,2024-06-19,2026-03-05,10.0,10.0,0,97908,12,Active
SC-PRJ-034-005,PRJ-034,Subcontract,CON-055,Subcontract Agreement,49935187,2024-05-30,2024-05-14,2026-03-22,10.0,10.0,0,99870,12,Completed
SC-PRJ-034-006,PRJ-034,Subcontract,CON-093,Subcontract Agreement,46902039,2024-05-19,2024-06-28,2026-03-21,10.0,10.0,0,93804,12,Completed
MC-PRJ-035-001,PRJ-035,Main Contract,,FIDIC Silver Book,125135620,2022-07-20,2022-09-26,2023-09-21,5.0,10.0,0,125135,24,Closed
SC-PRJ-035-001,PRJ-035,Subcontract,CON-006,Subcontract Agreement,15956207,2022-10-27,2022-12-31,2023-07-19,10.0,10.0,0,31912,12,Active
SC-PRJ-035-002,PRJ-035,Subcontract,CON-006,Subcontract Agreement,18507305,2022-12-06,2022-12-14,2023-07-20,10.0,10.0,0,37014,12,Completed
SC-PRJ-035-003,PRJ-035,Subcontract,CON-025,Subcontract Agreement,18161808,2022-11-02,2022-12-21,2023-07-28,10.0,10.0,0,36323,12,Active
SC-PRJ-035-004,PRJ-035,Subcontract,CON-037,Subcontract Agreement,15088604,2022-11-24,2022-11-16,2023-07-26,10.0,10.0,0,30177,12,Active
SC-PRJ-035-005,PRJ-035,Subcontract,CON-007,Subcontract Agreement,12476954,2022-12-23,2022-12-31,2023-06-26,10.0,10.0,0,24953,12,Active
SC-PRJ-035-006,PRJ-035,Subcontract,CON-083,Subcontract Agreement,10044043,2022-11-22,2022-11-06,2023-07-07,10.0,10.0,0,20088,12,Completed
MC-PRJ-036-001,PRJ-036,Main Contract,,FIDIC Red Book,368566916,2023-03-11,2023-04-21,2025-11-06,5.0,10.0,20,368566,24,Closed
SC-PRJ-036-001,PRJ-036,Subcontract,CON-023,Subcontract Agreement,28974947,2023-06-18,2023-08-04,2025-08-11,10.0,10.0,0,57949,12,Completed
SC-PRJ-036-002,PRJ-036,Subcontract,CON-059,Subcontract Agreement,50292185,2023-05-02,2023-06-22,2025-09-17,10.0,10.0,0,100584,12,Completed
SC-PRJ-036-003,PRJ-036,Subcontract,CON-092,Subcontract Agreement,38447034,2023-05-11,2023-06-05,2025-10-02,10.0,10.0,0,76894,12,Active
SC-PRJ-036-004,PRJ-036,Subcontract,CON-082,Subcontract Agreement,41209272,2023-06-06,2023-05-31,2025-09-04,10.0,10.0,0,82418,12,Completed
SC-PRJ-036-005,PRJ-036,Subcontract,CON-066,Subcontract Agreement,25774385,2023-07-08,2023-06-10,2025-09-13,10.0,10.0,0,51548,12,Completed
MC-PRJ-037-001,PRJ-037,Main Contract,,FIDIC Yellow Book,372441505,2022-03-19,2022-04-20,2024-11-05,5.0,10.0,15,372441,12,Closed
SC-PRJ-037-001,PRJ-037,Subcontract,CON-023,Subcontract Agreement,49514760,2022-04-26,2022-07-12,2024-09-17,10.0,10.0,0,99029,12,Active
SC-PRJ-037-002,PRJ-037,Subcontract,CON-058,Subcontract Agreement,42801360,2022-05-26,2022-08-08,2024-09-25,10.0,10.0,0,85602,12,Active
SC-PRJ-037-003,PRJ-037,Subcontract,CON-026,Subcontract Agreement,50953889,2022-04-20,2022-08-07,2024-08-19,10.0,10.0,0,101907,12,Active
SC-PRJ-037-004,PRJ-037,Subcontract,CON-064,Subcontract Agreement,8039898,2022-06-22,2022-07-28,2024-08-16,10.0,10.0,0,16079,12,Active
MC-PRJ-038-001,PRJ-038,Main Contract,,FIDIC Silver Book,415960934,2021-04-17,2021-07-12,2025-03-23,10.0,10.0,10,415960,12,Closed
SC-PRJ-038-001,PRJ-038,Subcontract,CON-059,Subcontract Agreement,43980040,2021-09-02,2021-10-06,2025-02-16,10.0,10.0,0,87960,12,Completed
SC-PRJ-038-002,PRJ-038,Subcontract,CON-032,Subcontract Agreement,40769692,2021-09-20,2021-09-15,2025-01-13,10.0,10.0,0,81539,12,Completed
SC-PRJ-038-003,PRJ-038,Subcontract,CON-027,Subcontract Agreement,38468618,2021-07-18,2021-09-03,2025-02-12,10.0,10.0,0,76937,12,Active
SC-PRJ-038-004,PRJ-038,Subcontract,CON-005,Subcontract Agreement,43645114,2021-07-30,2021-08-15,2025-01-10,10.0,10.0,0,87290,12,Completed
SC-PRJ-038-005,PRJ-038,Subcontract,CON-039,Subcontract Agreement,53634783,2021-08-23,2021-08-22,2025-02-18,10.0,10.0,0,107269,12,Active
SC-PRJ-038-006,PRJ-038,Subcontract,CON-023,Subcontract Agreement,30866131,2021-08-01,2021-11-05,2025-02-03,10.0,10.0,0,61732,12,Completed
SC-PRJ-038-007,PRJ-038,Subcontract,CON-090,Subcontract Agreement,44058665,2021-09-26,2021-10-23,2025-01-02,10.0,10.0,0,88117,12,Completed
MC-PRJ-039-001,PRJ-039,Main Contract,,FIDIC Red Book,144278417,2020-01-22,2020-03-21,2022-09-07,10.0,10.0,0,144278,12,Closed
SC-PRJ-039-001,PRJ-039,Subcontract,CON-049,Subcontract Agreement,8940477,2020-03-29,2020-06-13,2022-06-16,10.0,10.0,0,17880,12,Completed
SC-PRJ-039-002,PRJ-039,Subcontract,CON-061,Subcontract Agreement,4103330,2020-04-07,2020-05-05,2022-06-25,10.0,10.0,0,8206,12,Active
SC-PRJ-039-003,PRJ-039,Subcontract,CON-053,Subcontract Agreement,9060267,2020-05-27,2020-05-16,2022-06-25,10.0,10.0,0,18120,12,Active
SC-PRJ-039-004,PRJ-039,Subcontract,CON-014,Subcontract Agreement,14365367,2020-06-02,2020-07-09,2022-07-06,10.0,10.0,0,28730,12,Active
SC-PRJ-039-005,PRJ-039,Subcontract,CON-089,Subcontract Agreement,11957245,2020-06-06,2020-07-19,2022-07-21,10.0,10.0,0,23914,12,Active
MC-PRJ-040-001,PRJ-040,Main Contract,,FIDIC Silver Book,491687710,2022-06-25,2022-09-17,2026-02-28,10.0,10.0,15,491687,24,Active
SC-PRJ-040-001,PRJ-040,Subcontract,CON-064,Subcontract Agreement,49098802,2022-11-22,2023-01-05,2025-12-29,10.0,10.0,0,98197,12,Active
SC-PRJ-040-002,PRJ-040,Subcontract,CON-079,Subcontract Agreement,61479375,2022-10-16,2023-01-15,2026-01-11,10.0,10.0,0,122958,12,Active
SC-PRJ-040-003,PRJ-040,Subcontract,CON-004,Subcontract Agreement,9934805,2022-11-15,2023-01-05,2025-12-10,10.0,10.0,0,19869,12,Active
SC-PRJ-040-004,PRJ-040,Subcontract,CON-027,Subcontract Agreement,56972291,2022-12-04,2022-12-09,2026-01-03,10.0,10.0,0,113944,12,Active
MC-PRJ-041-001,PRJ-041,Main Contract,,FIDIC Yellow Book,369917796,2024-12-08,2025-01-29,2026-12-20,5.0,10.0,0,369917,12,Active
SC-PRJ-041-001,PRJ-041,Subcontract,CON-009,Subcontract Agreement,20941590,2025-03-09,2025-04-07,2026-10-19,10.0,10.0,0,41883,12,Completed
SC-PRJ-041-002,PRJ-041,Subcontract,CON-001,Subcontract Agreement,22975630,2025-02-12,2025-05-26,2026-10-30,10.0,10.0,0,45951,12,Active
SC-PRJ-041-003,PRJ-041,Subcontract,CON-073,Subcontract Agreement,26444096,2025-04-17,2025-03-03,2026-09-28,10.0,10.0,0,52888,12,Active
SC-PRJ-041-004,PRJ-041,Subcontract,CON-044,Subcontract Agreement,16728431,2025-04-25,2025-04-30,2026-09-23,10.0,10.0,0,33456,12,Active
SC-PRJ-041-005,PRJ-041,Subcontract,CON-083,Subcontract Agreement,45737771,2025-02-15,2025-04-30,2026-11-11,10.0,10.0,0,91475,12,Completed
SC-PRJ-041-006,PRJ-041,Subcontract,CON-069,Subcontract Agreement,29549156,2025-03-12,2025-04-28,2026-10-01,10.0,10.0,0,59098,12,Active
SC-PRJ-041-007,PRJ-041,Subcontract,CON-008,Subcontract Agreement,52015138,2025-04-05,2025-04-07,2026-10-15,10.0,10.0,0,104030,12,Completed
SC-PRJ-041-008,PRJ-041,Subcontract,CON-072,Subcontract Agreement,40012414,2025-04-07,2025-03-02,2026-11-07,10.0,10.0,0,80024,12,Completed
MC-PRJ-042-001,PRJ-042,Main Contract,,FIDIC Silver Book,461991979,2021-09-21,2021-11-11,2025-03-25,10.0,10.0,0,461991,12,Closed
SC-PRJ-042-001,PRJ-042,Subcontract,CON-044,Subcontract Agreement,59733756,2021-12-29,2022-03-01,2025-01-20,10.0,10.0,0,119467,12,Active
SC-PRJ-042-002,PRJ-042,Subcontract,CON-050,Subcontract Agreement,43532401,2021-12-04,2022-02-25,2025-02-16,10.0,10.0,0,87064,12,Active
SC-PRJ-042-003,PRJ-042,Subcontract,CON-041,Subcontract Agreement,51597391,2022-02-09,2021-12-15,2025-02-06,10.0,10.0,0,103194,12,Active
SC-PRJ-042-004,PRJ-042,Subcontract,CON-031,Subcontract Agreement,14452824,2021-12-28,2022-02-06,2025-01-01,10.0,10.0,0,28905,12,Active
SC-PRJ-042-005,PRJ-042,Subcontract,CON-039,Subcontract Agreement,22220975,2021-12-03,2021-12-25,2025-01-31,10.0,10.0,0,44441,12,Active
MC-PRJ-043-001,PRJ-043,Main Contract,,FIDIC Red Book,165178525,2020-01-04,2020-04-01,2023-12-12,5.0,10.0,20,165178,12,Closed
SC-PRJ-043-001,PRJ-043,Subcontract,CON-020,Subcontract Agreement,22735874,2020-04-25,2020-06-13,2023-09-14,10.0,10.0,0,45471,12,Active
SC-PRJ-043-002,PRJ-043,Subcontract,CON-068,Subcontract Agreement,19031430,2020-05-10,2020-06-11,2023-11-03,10.0,10.0,0,38062,12,Active
SC-PRJ-043-003,PRJ-043,Subcontract,CON-067,Subcontract Agreement,20957522,2020-06-26,2020-05-17,2023-10-30,10.0,10.0,0,41915,12,Completed
SC-PRJ-043-004,PRJ-043,Subcontract,CON-050,Subcontract Agreement,4088470,2020-06-06,2020-05-15,2023-11-12,10.0,10.0,0,8176,12,Active
SC-PRJ-043-005,PRJ-043,Subcontract,CON-088,Subcontract Agreement,23323844,2020-06-16,2020-05-12,2023-10-22,10.0,10.0,0,46647,12,Active
SC-PRJ-043-006,PRJ-043,Subcontract,CON-014,Subcontract Agreement,22397243,2020-06-06,2020-07-24,2023-09-26,10.0,10.0,0,44794,12,Active
MC-PRJ-044-001,PRJ-044,Main Contract,,FIDIC Red Book,266767973,2022-03-17,2022-05-22,2023-10-14,10.0,10.0,10,266767,24,Closed
SC-PRJ-044-001,PRJ-044,Subcontract,CON-036,Subcontract Agreement,12012810,2022-07-29,2022-07-31,2023-07-27,10.0,10.0,0,24025,12,Active
SC-PRJ-044-002,PRJ-044,Subcontract,CON-035,Subcontract Agreement,28609831,2022-06-10,2022-07-11,2023-08-28,10.0,10.0,0,57219,12,Active
SC-PRJ-044-003,PRJ-044,Subcontract,CON-080,Subcontract Agreement,5864459,2022-08-01,2022-08-25,2023-09-08,10.0,10.0,0,11728,12,Active
SC-PRJ-044-004,PRJ-044,Subcontract,CON-071,Subcontract Agreement,24150166,2022-07-01,2022-07-25,2023-09-05,10.0,10.0,0,48300,12,Completed
MC-PRJ-045-001,PRJ-045,Main Contract,,FIDIC Yellow Book,267839696,2020-04-26,2020-07-01,2022-04-22,5.0,10.0,10,267839,12,Closed
SC-PRJ-045-001,PRJ-045,Subcontract,CON-044,Subcontract Agreement,26710092,2020-09-08,2020-09-25,2022-03-20,10.0,10.0,0,53420,12,Active
SC-PRJ-045-002,PRJ-045,Subcontract,CON-087,Subcontract Agreement,6366294,2020-07-07,2020-08-13,2022-02-27,10.0,10.0,0,12732,12,Active
SC-PRJ-045-003,PRJ-045,Subcontract,CON-051,Subcontract Agreement,8355405,2020-07-23,2020-10-29,2022-02-13,10.0,10.0,0,16710,12,Completed
SC-PRJ-045-004,PRJ-045,Subcontract,CON-089,Subcontract Agreement,27274434,2020-09-28,2020-09-26,2022-02-12,10.0,10.0,0,54548,12,Active
SC-PRJ-045-005,PRJ-045,Subcontract,CON-026,Subcontract Agreement,16235715,2020-09-24,2020-10-07,2022-03-18,10.0,10.0,0,32471,12,Active
MC-PRJ-046-001,PRJ-046,Main Contract,,FIDIC Silver Book,112059710,2023-11-28,2024-01-05,2027-10-16,5.0,10.0,20,112059,12,Active
SC-PRJ-046-001,PRJ-046,Subcontract,CON-083,Subcontract Agreement,6762906,2024-04-04,2024-04-03,2027-08-17,10.0,10.0,0,13525,12,Active
SC-PRJ-046-002,PRJ-046,Subcontract,CON-019,Subcontract Agreement,16043395,2024-03-23,2024-03-08,2027-07-20,10.0,10.0,0,32086,12,Active
SC-PRJ-046-003,PRJ-046,Subcontract,CON-090,Subcontract Agreement,7952877,2024-03-30,2024-03-17,2027-07-28,10.0,10.0,0,15905,12,Active
SC-PRJ-046-004,PRJ-046,Subcontract,CON-004,Subcontract Agreement,8844514,2024-01-13,2024-04-04,2027-09-09,10.0,10.0,0,17689,12,Active
SC-PRJ-046-005,PRJ-046,Subcontract,CON-022,Subcontract Agreement,9214084,2024-02-10,2024-03-19,2027-08-09,10.0,10.0,0,18428,12,Completed
SC-PRJ-046-006,PRJ-046,Subcontract,CON-014,Subcontract Agreement,4097039,2024-02-25,2024-02-17,2027-08-27,10.0,10.0,0,8194,12,Completed
MC-PRJ-047-001,PRJ-047,Main Contract,,FIDIC Silver Book,74219199,2024-05-29,2024-07-02,2027-01-18,10.0,10.0,20,74219,24,Active
SC-PRJ-047-001,PRJ-047,Subcontract,CON-080,Subcontract Agreement,5473476,2024-08-02,2024-10-10,2026-12-09,10.0,10.0,0,10946,12,Active
SC-PRJ-047-002,PRJ-047,Subcontract,CON-044,Subcontract Agreement,5187635,2024-07-28,2024-10-28,2026-11-12,10.0,10.0,0,10375,12,Active
SC-PRJ-047-003,PRJ-047,Subcontract,CON-056,Subcontract Agreement,9051834,2024-09-12,2024-09-13,2026-11-15,10.0,10.0,0,18103,12,Completed
SC-PRJ-047-004,PRJ-047,Subcontract,CON-085,Subcontract Agreement,3762917,2024-09-25,2024-08-10,2026-11-02,10.0,10.0,0,7525,12,Completed
SC-PRJ-047-005,PRJ-047,Subcontract,CON-063,Subcontract Agreement,7024437,2024-07-16,2024-10-15,2026-11-11,10.0,10.0,0,14048,12,Active
SC-PRJ-047-006,PRJ-047,Subcontract,CON-013,Subcontract Agreement,4623793,2024-08-27,2024-08-23,2026-11-30,10.0,10.0,0,9247,12,Active
SC-PRJ-047-007,PRJ-047,Subcontract,CON-014,Subcontract Agreement,2155992,2024-09-27,2024-10-16,2026-10-31,10.0,10.0,0,4311,12,Active
MC-PRJ-048-001,PRJ-048,Main Contract,,FIDIC Yellow Book,237822246,2022-11-15,2023-01-15,2025-10-01,5.0,10.0,0,237822,12,Closed
SC-PRJ-048-001,PRJ-048,Subcontract,CON-097,Subcontract Agreement,32187814,2023-04-06,2023-02-14,2025-07-15,10.0,10.0,0,64375,12,Active
SC-PRJ-048-002,PRJ-048,Subcontract,CON-058,Subcontract Agreement,25188843,2023-03-24,2023-03-23,2025-08-08,10.0,10.0,0,50377,12,Completed
SC-PRJ-048-003,PRJ-048,Subcontract,CON-026,Subcontract Agreement,22624288,2023-02-10,2023-05-12,2025-07-07,10.0,10.0,0,45248,12,Active
SC-PRJ-048-004,PRJ-048,Subcontract,CON-087,Subcontract Agreement,14023329,2023-02-22,2023-04-10,2025-07-18,10.0,10.0,0,28046,12,Active
MC-PRJ-049-001,PRJ-049,Main Contract,,FIDIC Red Book,118381891,2024-10-13,2024-12-19,2026-08-11,5.0,10.0,20,118381,12,Active
SC-PRJ-049-001,PRJ-049,Subcontract,CON-071,Subcontract Agreement,3328114,2024-12-25,2025-01-18,2026-05-28,10.0,10.0,0,6656,12,Completed
SC-PRJ-049-002,PRJ-049,Subcontract,CON-046,Subcontract Agreement,14998740,2025-01-02,2025-02-23,2026-05-18,10.0,10.0,0,29997,12,Active
SC-PRJ-049-003,PRJ-049,Subcontract,CON-090,Subcontract Agreement,5987916,2025-03-04,2025-03-09,2026-06-02,10.0,10.0,0,11975,12,Active
SC-PRJ-049-004,PRJ-049,Subcontract,CON-052,Subcontract Agreement,13321582,2025-02-05,2025-03-14,2026-06-08,10.0,10.0,0,26643,12,Active
SC-PRJ-049-005,PRJ-049,Subcontract,CON-061,Subcontract Agreement,12563086,2025-01-05,2025-02-11,2026-06-07,10.0,10.0,0,25126,12,Active
MC-PRJ-050-001,PRJ-050,Main Contract,,FIDIC Yellow Book,360392393,2021-10-02,2021-12-24,2023-03-19,10.0,10.0,10,360392,24,Closed
SC-PRJ-050-001,PRJ-050,Subcontract,CON-002,Subcontract Agreement,13089952,2022-01-02,2022-04-15,2023-02-16,10.0,10.0,0,26179,12,Active
SC-PRJ-050-002,PRJ-050,Subcontract,CON-063,Subcontract Agreement,41003320,2022-03-18,2022-03-19,2023-02-09,10.0,10.0,0,82006,12,Active
SC-PRJ-050-003,PRJ-050,Subcontract,CON-054,Subcontract Agreement,13636756,2022-02-20,2022-04-22,2023-01-10,10.0,10.0,0,27273,12,Active
SC-PRJ-050-004,PRJ-050,Subcontract,CON-059,Subcontract Agreement,36407669,2022-02-27,2022-03-18,2023-01-13,10.0,10.0,0,72815,12,Active
SC-PRJ-050-005,PRJ-050,Subcontract,CON-029,Subcontract Agreement,25232121,2022-01-16,2022-03-18,2023-01-10,10.0,10.0,0,50464,12,Active
SC-PRJ-050-006,PRJ-050,Subcontract,CON-094,Subcontract Agreement,34284850,2022-01-23,2022-03-28,2023-01-31,10.0,10.0,0,68569,12,Active
SC-PRJ-050-007,PRJ-050,Subcontract,CON-074,Subcontract Agreement,50618329,2022-02-08,2022-01-27,2023-02-15,10.0,10.0,0,101236,12,Completed
SC-PRJ-050-008,PRJ-050,Subcontract,CON-048,Subcontract Agreement,29849448,2022-01-07,2022-04-07,2023-01-18,10.0,10.0,0,59698,12,Completed
MC-PRJ-051-001,PRJ-051,Main Contract,,FIDIC Red Book,259689592,2021-04-01,2021-05-10,2023-08-28,10.0,10.0,20,259689,12,Closed
SC-PRJ-051-001,PRJ-051,Subcontract,CON-012,Subcontract Agreement,35237024,2021-06-10,2021-08-08,2023-06-19,10.0,10.0,0,70474,12,Completed
SC-PRJ-051-002,PRJ-051,Subcontract,CON-086,Subcontract Agreement,27601316,2021-05-19,2021-09-04,2023-06-19,10.0,10.0,0,55202,12,Completed
SC-PRJ-051-003,PRJ-051,Subcontract,CON-040,Subcontract Agreement,32137306,2021-07-27,2021-06-15,2023-06-02,10.0,10.0,0,64274,12,Active
SC-PRJ-051-004,PRJ-051,Subcontract,CON-002,Subcontract Agreement,23256325,2021-07-09,2021-08-06,2023-06-27,10.0,10.0,0,46512,12,Active
SC-PRJ-051-005,PRJ-051,Subcontract,CON-043,Subcontract Agreement,24570657,2021-07-02,2021-07-24,2023-06-08,10.0,10.0,0,49141,12,Active
SC-PRJ-051-006,PRJ-051,Subcontract,CON-005,Subcontract Agreement,14957366,2021-08-06,2021-08-24,2023-06-12,10.0,10.0,0,29914,12,Active
SC-PRJ-051-007,PRJ-051,Subcontract,CON-073,Subcontract Agreement,29736100,2021-06-12,2021-06-16,2023-06-19,10.0,10.0,0,59472,12,Active
MC-PRJ-052-001,PRJ-052,Main Contract,,FIDIC Silver Book,450953283,2020-09-28,2020-11-07,2023-12-22,5.0,10.0,15,450953,12,Closed
SC-PRJ-052-001,PRJ-052,Subcontract,CON-017,Subcontract Agreement,37437611,2021-01-10,2020-12-16,2023-09-29,10.0,10.0,0,74875,12,Active
SC-PRJ-052-002,PRJ-052,Subcontract,CON-079,Subcontract Agreement,23795283,2020-12-12,2021-01-11,2023-09-29,10.0,10.0,0,47590,12,Active
SC-PRJ-052-003,PRJ-052,Subcontract,CON-015,Subcontract Agreement,9851701,2021-01-23,2020-12-29,2023-09-25,10.0,10.0,0,19703,12,Completed
SC-PRJ-052-004,PRJ-052,Subcontract,CON-085,Subcontract Agreement,52340226,2021-01-03,2021-01-23,2023-10-02,10.0,10.0,0,104680,12,Active
SC-PRJ-052-005,PRJ-052,Subcontract,CON-090,Subcontract Agreement,24334718,2020-12-07,2021-02-07,2023-11-11,10.0,10.0,0,48669,12,Completed
MC-PRJ-053-001,PRJ-053,Main Contract,,FIDIC Red Book,451407530,2021-12-20,2022-02-09,2024-05-29,5.0,10.0,10,451407,12,Closed
SC-PRJ-053-001,PRJ-053,Subcontract,CON-053,Subcontract Agreement,53202425,2022-03-30,2022-04-10,2024-03-18,10.0,10.0,0,106404,12,Active
SC-PRJ-053-002,PRJ-053,Subcontract,CON-022,Subcontract Agreement,51631939,2022-03-07,2022-05-23,2024-03-14,10.0,10.0,0,103263,12,Active
SC-PRJ-053-003,PRJ-053,Subcontract,CON-034,Subcontract Agreement,12216149,2022-02-23,2022-03-17,2024-04-19,10.0,10.0,0,24432,12,Active
SC-PRJ-053-004,PRJ-053,Subcontract,CON-039,Subcontract Agreement,32427683,2022-04-10,2022-05-18,2024-04-15,10.0,10.0,0,64855,12,Active
SC-PRJ-053-005,PRJ-053,Subcontract,CON-050,Subcontract Agreement,49138551,2022-04-10,2022-04-13,2024-04-20,10.0,10.0,0,98277,12,Completed
SC-PRJ-053-006,PRJ-053,Subcontract,CON-002,Subcontract Agreement,60098640,2022-03-17,2022-05-07,2024-04-05,10.0,10.0,0,120197,12,Completed
MC-PRJ-054-001,PRJ-054,Main Contract,,FIDIC Yellow Book,130899058,2021-11-17,2022-01-19,2024-10-05,5.0,10.0,0,130899,24,Closed
SC-PRJ-054-001,PRJ-054,Subcontract,CON-084,Subcontract Agreement,13006539,2022-02-22,2022-04-01,2024-08-19,10.0,10.0,0,26013,12,Active
SC-PRJ-054-002,PRJ-054,Subcontract,CON-033,Subcontract Agreement,16270900,2022-04-12,2022-05-03,2024-08-11,10.0,10.0,0,32541,12,Active
SC-PRJ-054-003,PRJ-054,Subcontract,CON-096,Subcontract Agreement,15774597,2022-02-18,2022-05-15,2024-07-30,10.0,10.0,0,31549,12,Active
SC-PRJ-054-004,PRJ-054,Subcontract,CON-087,Subcontract Agreement,11465946,2022-04-17,2022-03-13,2024-08-16,10.0,10.0,0,22931,12,Completed
SC-PRJ-054-005,PRJ-054,Subcontract,CON-002,Subcontract Agreement,2797985,2022-01-27,2022-02-19,2024-08-10,10.0,10.0,0,5595,12,Active
SC-PRJ-054-006,PRJ-054,Subcontract,CON-088,Subcontract Agreement,11556338,2022-03-17,2022-04-03,2024-08-22,10.0,10.0,0,23112,12,Completed
MC-PRJ-055-001,PRJ-055,Main Contract,,FIDIC Yellow Book,490749735,2022-02-21,2022-04-08,2023-09-30,5.0,10.0,0,490749,12,Closed
SC-PRJ-055-001,PRJ-055,Subcontract,CON-077,Subcontract Agreement,15680615,2022-07-01,2022-06-04,2023-07-02,10.0,10.0,0,31361,12,Completed
SC-PRJ-055-002,PRJ-055,Subcontract,CON-091,Subcontract Agreement,50523065,2022-04-23,2022-05-19,2023-07-08,10.0,10.0,0,101046,12,Completed
SC-PRJ-055-003,PRJ-055,Subcontract,CON-085,Subcontract Agreement,18102748,2022-06-29,2022-07-19,2023-07-11,10.0,10.0,0,36205,12,Active
SC-PRJ-055-004,PRJ-055,Subcontract,CON-090,Subcontract Agreement,66977627,2022-05-01,2022-06-09,2023-08-13,10.0,10.0,0,133955,12,Active
SC-PRJ-055-005,PRJ-055,Subcontract,CON-010,Subcontract Agreement,51951807,2022-06-28,2022-07-05,2023-07-03,10.0,10.0,0,103903,12,Active
SC-PRJ-055-006,PRJ-055,Subcontract,CON-089,Subcontract Agreement,58898157,2022-07-02,2022-06-18,2023-08-15,10.0,10.0,0,117796,12,Active
SC-PRJ-055-007,PRJ-055,Subcontract,CON-036,Subcontract Agreement,59623672,2022-04-15,2022-06-25,2023-08-07,10.0,10.0,0,119247,12,Active
MC-PRJ-056-001,PRJ-056,Main Contract,,FIDIC Red Book,435353629,2024-05-31,2024-07-16,2027-06-01,10.0,10.0,10,435353,24,Active
SC-PRJ-056-001,PRJ-056,Subcontract,CON-026,Subcontract Agreement,36536544,2024-10-02,2024-10-04,2027-04-21,10.0,10.0,0,73073,12,Completed
SC-PRJ-056-002,PRJ-056,Subcontract,CON-019,Subcontract Agreement,36555533,2024-09-23,2024-10-09,2027-04-19,10.0,10.0,0,73111,12,Completed
SC-PRJ-056-003,PRJ-056,Subcontract,CON-057,Subcontract Agreement,45117421,2024-08-18,2024-08-28,2027-04-30,10.0,10.0,0,90234,12,Active
MC-PRJ-057-001,PRJ-057,Main Contract,,FIDIC Red Book,476627961,2020-04-17,2020-06-22,2022-11-09,10.0,10.0,20,476627,12,Closed
SC-PRJ-057-001,PRJ-057,Subcontract,CON-082,Subcontract Agreement,18755813,2020-06-22,2020-07-26,2022-08-29,10.0,10.0,0,37511,12,Active
SC-PRJ-057-002,PRJ-057,Subcontract,CON-090,Subcontract Agreement,26041399,2020-08-03,2020-09-10,2022-09-04,10.0,10.0,0,52082,12,Active
SC-PRJ-057-003,PRJ-057,Subcontract,CON-099,Subcontract Agreement,41466532,2020-08-23,2020-09-21,2022-09-13,10.0,10.0,0,82933,12,Active
SC-PRJ-057-004,PRJ-057,Subcontract,CON-100,Subcontract Agreement,61831224,2020-06-30,2020-09-29,2022-09-26,10.0,10.0,0,123662,12,Active
SC-PRJ-057-005,PRJ-057,Subcontract,CON-089,Subcontract Agreement,33352090,2020-08-22,2020-08-06,2022-09-04,10.0,10.0,0,66704,12,Completed
SC-PRJ-057-006,PRJ-057,Subcontract,CON-046,Subcontract Agreement,67469301,2020-08-03,2020-10-17,2022-09-21,10.0,10.0,0,134938,12,Active
MC-PRJ-058-001,PRJ-058,Main Contract,,FIDIC Red Book,353346801,2021-09-03,2021-11-12,2024-12-26,5.0,10.0,15,353346,24,Closed
SC-PRJ-058-001,PRJ-058,Subcontract,CON-098,Subcontract Agreement,45706682,2021-12-19,2022-03-04,2024-11-14,10.0,10.0,0,91413,12,Active
SC-PRJ-058-002,PRJ-058,Subcontract,CON-050,Subcontract Agreement,32536813,2022-02-04,2022-01-05,2024-11-07,10.0,10.0,0,65073,12,Completed
SC-PRJ-058-003,PRJ-058,Subcontract,CON-014,Subcontract Agreement,24986429,2022-01-31,2022-03-10,2024-11-04,10.0,10.0,0,49972,12,Active
MC-PRJ-059-001,PRJ-059,Main Contract,,FIDIC Red Book,333201620,2024-08-29,2024-11-23,2026-10-14,10.0,10.0,10,333201,12,Active
SC-PRJ-059-001,PRJ-059,Subcontract,CON-093,Subcontract Agreement,15028077,2025-02-06,2025-01-22,2026-08-14,10.0,10.0,0,30056,12,Active
SC-PRJ-059-002,PRJ-059,Subcontract,CON-070,Subcontract Agreement,9392634,2025-02-13,2025-01-31,2026-08-14,10.0,10.0,0,18785,12,Completed
SC-PRJ-059-003,PRJ-059,Subcontract,CON-058,Subcontract Agreement,48462176,2024-11-25,2024-12-27,2026-08-24,10.0,10.0,0,96924,12,Active
MC-PRJ-060-001,PRJ-060,Main Contract,,FIDIC Yellow Book,11635836,2023-01-31,2023-04-21,2025-12-06,5.0,10.0,20,11635,12,Closed
SC-PRJ-060-001,PRJ-060,Subcontract,CON-086,Subcontract Agreement,1453589,2023-06-26,2023-07-18,2025-09-07,10.0,10.0,0,2907,12,Completed
SC-PRJ-060-002,PRJ-060,Subcontract,CON-069,Subcontract Agreement,1549032,2023-05-10,2023-08-03,2025-10-23,10.0,10.0,0,3098,12,Active
SC-PRJ-060-003,PRJ-060,Subcontract,CON-019,Subcontract Agreement,288500,2023-06-22,2023-08-12,2025-11-05,10.0,10.0,0,577,12,Active
SC-PRJ-060-004,PRJ-060,Subcontract,CON-080,Subcontract Agreement,1604968,2023-04-26,2023-06-21,2025-09-23,10.0,10.0,0,3209,12,Completed
MC-PRJ-061-001,PRJ-061,Main Contract,,FIDIC Red Book,360254603,2022-12-08,2023-01-07,2026-03-22,5.0,10.0,0,360254,24,Active
SC-PRJ-061-001,PRJ-061,Subcontract,CON-022,Subcontract Agreement,28569629,2023-03-23,2023-02-14,2025-12-30,10.0,10.0,0,57139,12,Active
SC-PRJ-061-002,PRJ-061,Subcontract,CON-077,Subcontract Agreement,12552480,2023-03-26,2023-03-06,2026-02-16,10.0,10.0,0,25104,12,Active
SC-PRJ-061-003,PRJ-061,Subcontract,CON-095,Subcontract Agreement,27165895,2023-04-03,2023-03-29,2026-01-31,10.0,10.0,0,54331,12,Active
MC-PRJ-062-001,PRJ-062,Main Contract,,FIDIC Silver Book,471763965,2021-04-18,2021-06-23,2025-01-03,5.0,10.0,15,471763,12,Closed
SC-PRJ-062-001,PRJ-062,Subcontract,CON-043,Subcontract Agreement,45808791,2021-07-01,2021-08-07,2024-11-17,10.0,10.0,0,91617,12,Active
SC-PRJ-062-002,PRJ-062,Subcontract,CON-022,Subcontract Agreement,55895307,2021-09-20,2021-09-08,2024-10-30,10.0,10.0,0,111790,12,Active
SC-PRJ-062-003,PRJ-062,Subcontract,CON-075,Subcontract Agreement,36338071,2021-06-28,2021-08-09,2024-11-28,10.0,10.0,0,72676,12,Completed
MC-PRJ-063-001,PRJ-063,Main Contract,,FIDIC Silver Book,443678997,2021-05-08,2021-07-01,2024-07-15,5.0,10.0,0,443678,24,Closed
SC-PRJ-063-001,PRJ-063,Subcontract,CON-023,Subcontract Agreement,9239812,2021-07-12,2021-10-29,2024-05-05,10.0,10.0,0,18479,12,Completed
SC-PRJ-063-002,PRJ-063,Subcontract,CON-054,Subcontract Agreement,60029310,2021-09-27,2021-09-29,2024-05-02,10.0,10.0,0,120058,12,Active
SC-PRJ-063-003,PRJ-063,Subcontract,CON-082,Subcontract Agreement,20764544,2021-08-04,2021-10-05,2024-05-18,10.0,10.0,0,41529,12,Active
MC-PRJ-064-001,PRJ-064,Main Contract,,FIDIC Red Book,272025281,2021-10-06,2022-01-04,2023-07-28,5.0,10.0,0,272025,12,Closed
SC-PRJ-064-001,PRJ-064,Subcontract,CON-012,Subcontract Agreement,23118175,2022-03-25,2022-03-13,2023-06-06,10.0,10.0,0,46236,12,Active
SC-PRJ-064-002,PRJ-064,Subcontract,CON-031,Subcontract Agreement,5602117,2022-01-28,2022-02-18,2023-05-26,10.0,10.0,0,11204,12,Active
SC-PRJ-064-003,PRJ-064,Subcontract,CON-098,Subcontract Agreement,27327584,2022-03-14,2022-04-08,2023-06-14,10.0,10.0,0,54655,12,Active
SC-PRJ-064-004,PRJ-064,Subcontract,CON-085,Subcontract Agreement,32681951,2022-01-30,2022-03-10,2023-06-25,10.0,10.0,0,65363,12,Active
SC-PRJ-064-005,PRJ-064,Subcontract,CON-020,Subcontract Agreement,9425209,2022-04-01,2022-04-04,2023-05-28,10.0,10.0,0,18850,12,Active
SC-PRJ-064-006,PRJ-064,Subcontract,CON-006,Subcontract Agreement,11090129,2022-01-10,2022-04-26,2023-06-05,10.0,10.0,0,22180,12,Active
SC-PRJ-064-007,PRJ-064,Subcontract,CON-033,Subcontract Agreement,12852288,2022-02-15,2022-04-22,2023-05-08,10.0,10.0,0,25704,12,Active
SC-PRJ-064-008,PRJ-064,Subcontract,CON-095,Subcontract Agreement,6972354,2022-01-10,2022-04-12,2023-06-17,10.0,10.0,0,13944,12,Active
MC-PRJ-065-001,PRJ-065,Main Contract,,FIDIC Red Book,306900000,2024-11-14,2025-01-14,2028-08-26,5.0,10.0,0,306900,12,Active
SC-PRJ-065-001,PRJ-065,Subcontract,CON-075,Subcontract Agreement,23885019,2025-02-24,2025-04-07,2028-07-15,10.0,10.0,0,47770,12,Completed
SC-PRJ-065-002,PRJ-065,Subcontract,CON-042,Subcontract Agreement,33142386,2025-02-12,2025-02-27,2028-07-07,10.0,10.0,0,66284,12,Active
SC-PRJ-065-003,PRJ-065,Subcontract,CON-095,Subcontract Agreement,10050464,2025-03-07,2025-03-10,2028-07-03,10.0,10.0,0,20100,12,Active
SC-PRJ-065-004,PRJ-065,Subcontract,CON-075,Subcontract Agreement,9071615,2025-03-17,2025-02-19,2028-06-01,10.0,10.0,0,18143,12,Active
SC-PRJ-065-005,PRJ-065,Subcontract,CON-079,Subcontract Agreement,11920721,2025-03-13,2025-03-07,2028-07-03,10.0,10.0,0,23841,12,Active
SC-PRJ-065-006,PRJ-065,Subcontract,CON-093,Subcontract Agreement,11580134,2025-02-07,2025-05-04,2028-07-05,10.0,10.0,0,23160,12,Active
SC-PRJ-065-007,PRJ-065,Subcontract,CON-017,Subcontract Agreement,14205607,2025-01-18,2025-05-12,2028-06-21,10.0,10.0,0,28411,12,Active
SC-PRJ-065-008,PRJ-065,Subcontract,CON-015,Subcontract Agreement,17333263,2025-03-14,2025-04-12,2028-07-01,10.0,10.0,0,34666,12,Active
MC-PRJ-066-001,PRJ-066,Main Contract,,FIDIC Yellow Book,389353134,2022-08-02,2022-09-15,2025-07-31,10.0,10.0,10,389353,12,Closed
SC-PRJ-066-001,PRJ-066,Subcontract,CON-030,Subcontract Agreement,56891368,2022-09-26,2022-12-06,2025-05-08,10.0,10.0,0,113782,12,Completed
SC-PRJ-066-002,PRJ-066,Subcontract,CON-028,Subcontract Agreement,32549042,2022-11-29,2022-12-14,2025-05-09,10.0,10.0,0,65098,12,Active
SC-PRJ-066-003,PRJ-066,Subcontract,CON-094,Subcontract Agreement,21917550,2022-11-08,2022-11-15,2025-06-16,10.0,10.0,0,43835,12,Active
SC-PRJ-066-004,PRJ-066,Subcontract,CON-029,Subcontract Agreement,29766955,2022-11-29,2022-11-03,2025-05-04,10.0,10.0,0,59533,12,Completed
SC-PRJ-066-005,PRJ-066,Subcontract,CON-054,Subcontract Agreement,53252892,2022-09-20,2022-10-20,2025-06-01,10.0,10.0,0,106505,12,Completed
SC-PRJ-066-006,PRJ-066,Subcontract,CON-005,Subcontract Agreement,46690772,2022-11-08,2022-12-21,2025-06-06,10.0,10.0,0,93381,12,Active
SC-PRJ-066-007,PRJ-066,Subcontract,CON-090,Subcontract Agreement,48771599,2022-09-27,2022-12-11,2025-05-31,10.0,10.0,0,97543,12,Active
MC-PRJ-067-001,PRJ-067,Main Contract,,FIDIC Red Book,381934949,2022-11-15,2023-01-19,2025-12-04,5.0,10.0,20,381934,12,Closed
SC-PRJ-067-001,PRJ-067,Subcontract,CON-031,Subcontract Agreement,25434094,2023-04-11,2023-03-01,2025-11-03,10.0,10.0,0,50868,12,Active
SC-PRJ-067-002,PRJ-067,Subcontract,CON-021,Subcontract Agreement,40857349,2023-04-19,2023-04-17,2025-09-11,10.0,10.0,0,81714,12,Completed
SC-PRJ-067-003,PRJ-067,Subcontract,CON-004,Subcontract Agreement,44742636,2023-03-18,2023-04-18,2025-09-16,10.0,10.0,0,89485,12,Active
SC-PRJ-067-004,PRJ-067,Subcontract,CON-052,Subcontract Agreement,51044030,2023-02-11,2023-04-06,2025-09-25,10.0,10.0,0,102088,12,Active
MC-PRJ-068-001,PRJ-068,Main Contract,,FIDIC Silver Book,105686598,2024-11-02,2025-01-11,2027-01-01,5.0,10.0,0,105686,24,Active
SC-PRJ-068-001,PRJ-068,Subcontract,CON-005,Subcontract Agreement,6687615,2025-02-17,2025-04-05,2026-10-15,10.0,10.0,0,13375,12,Active
SC-PRJ-068-002,PRJ-068,Subcontract,CON-079,Subcontract Agreement,11704489,2025-03-21,2025-04-24,2026-10-13,10.0,10.0,0,23408,12,Active
SC-PRJ-068-003,PRJ-068,Subcontract,CON-011,Subcontract Agreement,12936033,2025-03-31,2025-03-24,2026-10-16,10.0,10.0,0,25872,12,Active
SC-PRJ-068-004,PRJ-068,Subcontract,CON-087,Subcontract Agreement,9185829,2025-02-26,2025-02-16,2026-11-25,10.0,10.0,0,18371,12,Active
SC-PRJ-068-005,PRJ-068,Subcontract,CON-080,Subcontract Agreement,7136678,2025-01-16,2025-03-28,2026-11-09,10.0,10.0,0,14273,12,Active
SC-PRJ-068-006,PRJ-068,Subcontract,CON-091,Subcontract Agreement,11019143,2025-01-19,2025-04-22,2026-10-18,10.0,10.0,0,22038,12,Active
SC-PRJ-068-007,PRJ-068,Subcontract,CON-043,Subcontract Agreement,4015325,2025-02-10,2025-04-20,2026-11-25,10.0,10.0,0,8030,12,Completed
SC-PRJ-068-008,PRJ-068,Subcontract,CON-097,Subcontract Agreement,8687877,2025-03-26,2025-05-10,2026-11-19,10.0,10.0,0,17375,12,Completed
MC-PRJ-069-001,PRJ-069,Main Contract,,FIDIC Red Book,358506246,2020-02-07,2020-03-28,2023-08-10,10.0,10.0,15,358506,24,Closed
SC-PRJ-069-001,PRJ-069,Subcontract,CON-048,Subcontract Agreement,9708277,2020-05-11,2020-06-23,2023-06-10,10.0,10.0,0,19416,12,Completed
SC-PRJ-069-002,PRJ-069,Subcontract,CON-016,Subcontract Agreement,31716595,2020-05-27,2020-07-26,2023-06-07,10.0,10.0,0,63433,12,Completed
SC-PRJ-069-003,PRJ-069,Subcontract,CON-038,Subcontract Agreement,45637584,2020-05-24,2020-07-15,2023-06-18,10.0,10.0,0,91275,12,Completed
SC-PRJ-069-004,PRJ-069,Subcontract,CON-009,Subcontract Agreement,51229643,2020-04-21,2020-06-24,2023-07-06,10.0,10.0,0,102459,12,Active
SC-PRJ-069-005,PRJ-069,Subcontract,CON-023,Subcontract Agreement,25378200,2020-05-03,2020-05-06,2023-07-05,10.0,10.0,0,50756,12,Active
MC-PRJ-070-001,PRJ-070,Main Contract,,FIDIC Yellow Book,424339935,2022-11-21,2022-12-28,2026-08-09,5.0,10.0,20,424339,12,Active
SC-PRJ-070-001,PRJ-070,Subcontract,CON-081,Subcontract Agreement,37210111,2022-12-30,2023-03-05,2026-06-14,10.0,10.0,0,74420,12,Completed
SC-PRJ-070-002,PRJ-070,Subcontract,CON-017,Subcontract Agreement,38354620,2023-02-26,2023-03-12,2026-06-14,10.0,10.0,0,76709,12,Active
SC-PRJ-070-003,PRJ-070,Subcontract,CON-003,Subcontract Agreement,49181932,2023-02-03,2023-02-20,2026-07-06,10.0,10.0,0,98363,12,Active
SC-PRJ-070-004,PRJ-070,Subcontract,CON-030,Subcontract Agreement,56578593,2023-03-04,2023-04-19,2026-06-19,10.0,10.0,0,113157,12,Active
MC-PRJ-071-001,PRJ-071,Main Contract,,FIDIC Silver Book,151885668,2024-09-08,2024-10-29,2027-01-17,10.0,10.0,20,151885,24,Active
SC-PRJ-071-001,PRJ-071,Subcontract,CON-017,Subcontract Agreement,9041860,2024-12-07,2024-12-19,2026-10-29,10.0,10.0,0,18083,12,Active
SC-PRJ-071-002,PRJ-071,Subcontract,CON-048,Subcontract Agreement,7515553,2024-12-04,2024-12-04,2026-12-09,10.0,10.0,0,15031,12,Active
SC-PRJ-071-003,PRJ-071,Subcontract,CON-022,Subcontract Agreement,8652875,2025-01-16,2024-12-18,2026-11-03,10.0,10.0,0,17305,12,Completed
SC-PRJ-071-004,PRJ-071,Subcontract,CON-023,Subcontract Agreement,8669946,2025-01-27,2025-02-24,2026-10-22,10.0,10.0,0,17339,12,Completed
SC-PRJ-071-005,PRJ-071,Subcontract,CON-021,Subcontract Agreement,18724381,2024-11-28,2024-12-12,2026-12-16,10.0,10.0,0,37448,12,Active
SC-PRJ-071-006,PRJ-071,Subcontract,CON-057,Subcontract Agreement,14381791,2024-12-01,2025-01-14,2026-12-07,10.0,10.0,0,28763,12,Active
MC-PRJ-072-001,PRJ-072,Main Contract,,FIDIC Silver Book,112851504,2024-08-03,2024-10-17,2026-11-06,5.0,10.0,15,112851,24,Active
SC-PRJ-072-001,PRJ-072,Subcontract,CON-070,Subcontract Agreement,7727951,2024-11-06,2025-01-23,2026-09-18,10.0,10.0,0,15455,12,Active
SC-PRJ-072-002,PRJ-072,Subcontract,CON-052,Subcontract Agreement,15760436,2024-12-19,2024-12-04,2026-08-08,10.0,10.0,0,31520,12,Active
SC-PRJ-072-003,PRJ-072,Subcontract,CON-020,Subcontract Agreement,15868667,2024-10-17,2025-01-24,2026-09-05,10.0,10.0,0,31737,12,Active
SC-PRJ-072-004,PRJ-072,Subcontract,CON-038,Subcontract Agreement,11752549,2024-12-16,2024-12-23,2026-08-08,10.0,10.0,0,23505,12,Completed
MC-PRJ-073-001,PRJ-073,Main Contract,,FIDIC Silver Book,413437983,2021-02-06,2021-03-17,2022-10-08,10.0,10.0,15,413437,12,Closed
SC-PRJ-073-001,PRJ-073,Subcontract,CON-006,Subcontract Agreement,34012534,2021-04-03,2021-07-11,2022-08-04,10.0,10.0,0,68025,12,Active
SC-PRJ-073-002,PRJ-073,Subcontract,CON-052,Subcontract Agreement,24827234,2021-06-04,2021-05-14,2022-08-11,10.0,10.0,0,49654,12,Active
SC-PRJ-073-003,PRJ-073,Subcontract,CON-008,Subcontract Agreement,13239337,2021-06-02,2021-07-07,2022-08-27,10.0,10.0,0,26478,12,Completed
SC-PRJ-073-004,PRJ-073,Subcontract,CON-099,Subcontract Agreement,36562966,2021-04-21,2021-05-11,2022-09-07,10.0,10.0,0,73125,12,Active
SC-PRJ-073-005,PRJ-073,Subcontract,CON-058,Subcontract Agreement,37206771,2021-06-11,2021-07-10,2022-09-03,10.0,10.0,0,74413,12,Completed
SC-PRJ-073-006,PRJ-073,Subcontract,CON-063,Subcontract Agreement,29467821,2021-04-26,2021-07-02,2022-08-01,10.0,10.0,0,58935,12,Completed
SC-PRJ-073-007,PRJ-073,Subcontract,CON-086,Subcontract Agreement,58973737,2021-05-02,2021-06-05,2022-08-30,10.0,10.0,0,117947,12,Completed
SC-PRJ-073-008,PRJ-073,Subcontract,CON-048,Subcontract Agreement,54158113,2021-05-05,2021-06-02,2022-09-08,10.0,10.0,0,108316,12,Active
MC-PRJ-074-001,PRJ-074,Main Contract,,FIDIC Yellow Book,285638525,2024-08-24,2024-10-15,2025-10-10,10.0,10.0,20,285638,12,Closed
SC-PRJ-074-001,PRJ-074,Subcontract,CON-057,Subcontract Agreement,32740155,2024-12-07,2025-01-09,2025-08-23,10.0,10.0,0,65480,12,Active
SC-PRJ-074-002,PRJ-074,Subcontract,CON-055,Subcontract Agreement,35629824,2024-12-07,2024-12-01,2025-07-19,10.0,10.0,0,71259,12,Completed
SC-PRJ-074-003,PRJ-074,Subcontract,CON-019,Subcontract Agreement,27915922,2024-11-10,2024-12-22,2025-08-11,10.0,10.0,0,55831,12,Completed
SC-PRJ-074-004,PRJ-074,Subcontract,CON-009,Subcontract Agreement,42349620,2024-12-29,2025-01-01,2025-09-05,10.0,10.0,0,84699,12,Active
MC-PRJ-075-001,PRJ-075,Main Contract,,FIDIC Yellow Book,455639680,2021-05-29,2021-08-07,2023-04-29,10.0,10.0,20,455639,12,Closed
SC-PRJ-075-001,PRJ-075,Subcontract,CON-073,Subcontract Agreement,36485618,2021-08-24,2021-10-01,2023-03-19,10.0,10.0,0,72971,12,Active
SC-PRJ-075-002,PRJ-075,Subcontract,CON-063,Subcontract Agreement,26258611,2021-08-12,2021-10-14,2023-02-05,10.0,10.0,0,52517,12,Completed
SC-PRJ-075-003,PRJ-075,Subcontract,CON-072,Subcontract Agreement,27114602,2021-10-05,2021-10-04,2023-03-29,10.0,10.0,0,54229,12,Active
SC-PRJ-075-004,PRJ-075,Subcontract,CON-039,Subcontract Agreement,18236119,2021-10-27,2021-11-26,2023-02-28,10.0,10.0,0,36472,12,Active
SC-PRJ-075-005,PRJ-075,Subcontract,CON-037,Subcontract Agreement,47840200,2021-09-29,2021-09-28,2023-02-27,10.0,10.0,0,95680,12,Completed
SC-PRJ-075-006,PRJ-075,Subcontract,CON-004,Subcontract Agreement,47305495,2021-08-22,2021-10-11,2023-02-27,10.0,10.0,0,94610,12,Active
SC-PRJ-075-007,PRJ-075,Subcontract,CON-047,Subcontract Agreement,44587018,2021-10-20,2021-11-06,2023-02-22,10.0,10.0,0,89174,12,Active
MC-PRJ-076-001,PRJ-076,Main Contract,,FIDIC Yellow Book,403579803,2023-12-30,2024-03-09,2026-04-28,10.0,10.0,0,403579,24,Active
SC-PRJ-076-001,PRJ-076,Subcontract,CON-003,Subcontract Agreement,46526473,2024-04-11,2024-04-28,2026-02-20,10.0,10.0,0,93052,12,Active
SC-PRJ-076-002,PRJ-076,Subcontract,CON-060,Subcontract Agreement,15738734,2024-06-05,2024-04-25,2026-03-07,10.0,10.0,0,31477,12,Active
SC-PRJ-076-003,PRJ-076,Subcontract,CON-047,Subcontract Agreement,10846402,2024-05-01,2024-06-28,2026-01-30,10.0,10.0,0,21692,12,Active
SC-PRJ-076-004,PRJ-076,Subcontract,CON-038,Subcontract Agreement,10627441,2024-05-15,2024-06-28,2026-01-29,10.0,10.0,0,21254,12,Active
SC-PRJ-076-005,PRJ-076,Subcontract,CON-099,Subcontract Agreement,35031794,2024-05-28,2024-05-01,2026-02-09,10.0,10.0,0,70063,12,Active
SC-PRJ-076-006,PRJ-076,Subcontract,CON-022,Subcontract Agreement,39485894,2024-05-17,2024-05-19,2026-02-02,10.0,10.0,0,78971,12,Active
SC-PRJ-076-007,PRJ-076,Subcontract,CON-088,Subcontract Agreement,51451121,2024-04-16,2024-05-12,2026-02-14,10.0,10.0,0,102902,12,Completed
MC-PRJ-077-001,PRJ-077,Main Contract,,FIDIC Silver Book,33884832,2024-06-19,2024-08-11,2028-06-21,5.0,10.0,15,33884,12,Active
SC-PRJ-077-001,PRJ-077,Subcontract,CON-037,Subcontract Agreement,1280962,2024-09-27,2024-11-11,2028-04-26,10.0,10.0,0,2561,12,Active
SC-PRJ-077-002,PRJ-077,Subcontract,CON-021,Subcontract Agreement,4734319,2024-08-24,2024-10-07,2028-05-13,10.0,10.0,0,9468,12,Completed
SC-PRJ-077-003,PRJ-077,Subcontract,CON-025,Subcontract Agreement,1651707,2024-10-21,2024-11-27,2028-04-08,10.0,10.0,0,3303,12,Completed
MC-PRJ-078-001,PRJ-078,Main Contract,,FIDIC Silver Book,162935461,2022-06-04,2022-08-18,2024-08-07,5.0,10.0,20,162935,24,Closed
SC-PRJ-078-001,PRJ-078,Subcontract,CON-017,Subcontract Agreement,5727757,2022-08-20,2022-11-17,2024-06-16,10.0,10.0,0,11455,12,Active
SC-PRJ-078-002,PRJ-078,Subcontract,CON-018,Subcontract Agreement,17896275,2022-10-13,2022-12-02,2024-06-05,10.0,10.0,0,35792,12,Active
SC-PRJ-078-003,PRJ-078,Subcontract,CON-039,Subcontract Agreement,6906334,2022-08-21,2022-10-02,2024-06-24,10.0,10.0,0,13812,12,Active
MC-PRJ-079-001,PRJ-079,Main Contract,,FIDIC Silver Book,303821611,2021-05-21,2021-06-29,2023-11-16,5.0,10.0,15,303821,12,Closed
SC-PRJ-079-001,PRJ-079,Subcontract,CON-011,Subcontract Agreement,11219637,2021-08-22,2021-10-25,2023-08-30,10.0,10.0,0,22439,12,Active
SC-PRJ-079-002,PRJ-079,Subcontract,CON-100,Subcontract Agreement,9146728,2021-08-29,2021-09-22,2023-10-15,10.0,10.0,0,18293,12,Active
SC-PRJ-079-003,PRJ-079,Subcontract,CON-085,Subcontract Agreement,10334874,2021-09-02,2021-10-12,2023-10-14,10.0,10.0,0,20669,12,Active
SC-PRJ-079-004,PRJ-079,Subcontract,CON-033,Subcontract Agreement,10773480,2021-07-04,2021-08-06,2023-09-28,10.0,10.0,0,21546,12,Completed
MC-PRJ-080-001,PRJ-080,Main Contract,,FIDIC Red Book,325447690,2023-12-16,2024-03-03,2026-10-19,5.0,10.0,0,325447,12,Active
SC-PRJ-080-001,PRJ-080,Subcontract,CON-024,Subcontract Agreement,44636040,2024-05-27,2024-05-16,2026-09-18,10.0,10.0,0,89272,12,Active
SC-PRJ-080-002,PRJ-080,Subcontract,CON-096,Subcontract Agreement,12667207,2024-04-07,2024-06-15,2026-08-28,10.0,10.0,0,25334,12,Active
SC-PRJ-080-003,PRJ-080,Subcontract,CON-065,Subcontract Agreement,13301845,2024-05-20,2024-05-02,2026-08-18,10.0,10.0,0,26603,12,Completed
SC-PRJ-080-004,PRJ-080,Subcontract,CON-075,Subcontract Agreement,9400170,2024-03-04,2024-06-08,2026-09-06,10.0,10.0,0,18800,12,Completed
SC-PRJ-080-005,PRJ-080,Subcontract,CON-037,Subcontract Agreement,14612984,2024-03-24,2024-06-09,2026-09-19,10.0,10.0,0,29225,12,Completed
SC-PRJ-080-006,PRJ-080,Subcontract,CON-028,Subcontract Agreement,10684168,2024-05-06,2024-07-01,2026-08-20,10.0,10.0,0,21368,12,Active
SC-PRJ-080-007,PRJ-080,Subcontract,CON-024,Subcontract Agreement,36045700,2024-04-28,2024-06-27,2026-09-13,10.0,10.0,0,72091,12,Active
MC-PRJ-081-001,PRJ-081,Main Contract,,FIDIC Yellow Book,284498372,2020-03-04,2020-04-27,2022-03-18,10.0,10.0,10,284498,12,Closed
SC-PRJ-081-001,PRJ-081,Subcontract,CON-041,Subcontract Agreement,9863533,2020-05-12,2020-07-25,2022-02-09,10.0,10.0,0,19727,12,Completed
SC-PRJ-081-002,PRJ-081,Subcontract,CON-098,Subcontract Agreement,10716657,2020-06-12,2020-08-25,2022-01-29,10.0,10.0,0,21433,12,Completed
SC-PRJ-081-003,PRJ-081,Subcontract,CON-011,Subcontract Agreement,32398035,2020-06-07,2020-07-29,2022-02-09,10.0,10.0,0,64796,12,Active
SC-PRJ-081-004,PRJ-081,Subcontract,CON-077,Subcontract Agreement,16179276,2020-06-05,2020-08-22,2021-12-25,10.0,10.0,0,32358,12,Active
SC-PRJ-081-005,PRJ-081,Subcontract,CON-053,Subcontract Agreement,14043848,2020-06-03,2020-07-20,2022-02-04,10.0,10.0,0,28087,12,Active
SC-PRJ-081-006,PRJ-081,Subcontract,CON-061,Subcontract Agreement,38782278,2020-07-22,2020-07-13,2022-02-05,10.0,10.0,0,77564,12,Active
MC-PRJ-082-001,PRJ-082,Main Contract,,FIDIC Silver Book,182739992,2020-08-07,2020-10-07,2023-06-24,5.0,10.0,20,182739,24,Closed
SC-PRJ-082-001,PRJ-082,Subcontract,CON-011,Subcontract Agreement,19299403,2020-10-22,2020-11-24,2023-04-30,10.0,10.0,0,38598,12,Active
SC-PRJ-082-002,PRJ-082,Subcontract,CON-014,Subcontract Agreement,20166239,2020-10-28,2020-11-14,2023-05-02,10.0,10.0,0,40332,12,Active
SC-PRJ-082-003,PRJ-082,Subcontract,CON-077,Subcontract Agreement,11699400,2020-11-27,2020-11-21,2023-05-11,10.0,10.0,0,23398,12,Active
SC-PRJ-082-004,PRJ-082,Subcontract,CON-036,Subcontract Agreement,20882807,2020-12-20,2021-01-20,2023-05-08,10.0,10.0,0,41765,12,Completed
SC-PRJ-082-005,PRJ-082,Subcontract,CON-046,Subcontract Agreement,26062242,2020-12-06,2021-01-30,2023-04-17,10.0,10.0,0,52124,12,Active
SC-PRJ-082-006,PRJ-082,Subcontract,CON-066,Subcontract Agreement,27114597,2020-11-11,2020-11-24,2023-04-06,10.0,10.0,0,54229,12,Active
SC-PRJ-082-007,PRJ-082,Subcontract,CON-033,Subcontract Agreement,6221340,2020-12-08,2021-01-08,2023-05-11,10.0,10.0,0,12442,12,Completed
MC-PRJ-083-001,PRJ-083,Main Contract,,FIDIC Red Book,134035782,2020-05-23,2020-06-23,2023-10-06,5.0,10.0,0,134035,12,Closed
SC-PRJ-083-001,PRJ-083,Subcontract,CON-023,Subcontract Agreement,14496501,2020-08-10,2020-10-08,2023-07-25,10.0,10.0,0,28993,12,Active
SC-PRJ-083-002,PRJ-083,Subcontract,CON-080,Subcontract Agreement,5342098,2020-09-10,2020-08-04,2023-07-20,10.0,10.0,0,10684,12,Active
SC-PRJ-083-003,PRJ-083,Subcontract,CON-067,Subcontract Agreement,14199814,2020-08-25,2020-09-20,2023-08-25,10.0,10.0,0,28399,12,Active
SC-PRJ-083-004,PRJ-083,Subcontract,CON-063,Subcontract Agreement,14217459,2020-08-26,2020-08-25,2023-08-03,10.0,10.0,0,28434,12,Active
SC-PRJ-083-005,PRJ-083,Subcontract,CON-070,Subcontract Agreement,16785650,2020-08-31,2020-07-25,2023-07-08,10.0,10.0,0,33571,12,Active
SC-PRJ-083-006,PRJ-083,Subcontract,CON-016,Subcontract Agreement,19943519,2020-08-11,2020-09-18,2023-08-17,10.0,10.0,0,39887,12,Active
MC-PRJ-084-001,PRJ-084,Main Contract,,FIDIC Yellow Book,18263784,2021-10-25,2021-12-23,2024-06-10,5.0,10.0,0,18263,12,Closed
SC-PRJ-084-001,PRJ-084,Subcontract,CON-100,Subcontract Agreement,1930909,2022-01-30,2022-04-22,2024-05-01,10.0,10.0,0,3861,12,Active
SC-PRJ-084-002,PRJ-084,Subcontract,CON-040,Subcontract Agreement,1387838,2022-02-10,2022-03-25,2024-03-24,10.0,10.0,0,2775,12,Active
SC-PRJ-084-003,PRJ-084,Subcontract,CON-063,Subcontract Agreement,1715904,2022-03-17,2022-04-02,2024-03-29,10.0,10.0,0,3431,12,Completed
SC-PRJ-084-004,PRJ-084,Subcontract,CON-061,Subcontract Agreement,1723869,2022-03-04,2022-02-11,2024-04-09,10.0,10.0,0,3447,12,Active
SC-PRJ-084-005,PRJ-084,Subcontract,CON-064,Subcontract Agreement,1294537,2022-03-08,2022-03-11,2024-04-02,10.0,10.0,0,2589,12,Completed
SC-PRJ-084-006,PRJ-084,Subcontract,CON-037,Subcontract Agreement,1202839,2022-02-02,2022-01-29,2024-05-10,10.0,10.0,0,2405,12,Completed
SC-PRJ-084-007,PRJ-084,Subcontract,CON-047,Subcontract Agreement,472400,2022-02-05,2022-04-06,2024-05-10,10.0,10.0,0,944,12,Completed
MC-PRJ-085-001,PRJ-085,Main Contract,,FIDIC Yellow Book,280895116,2024-12-20,2025-02-12,2027-09-30,5.0,10.0,20,280895,24,Active
SC-PRJ-085-001,PRJ-085,Subcontract,CON-008,Subcontract Agreement,20660074,2025-05-07,2025-04-14,2027-08-16,10.0,10.0,0,41320,12,Active
SC-PRJ-085-002,PRJ-085,Subcontract,CON-076,Subcontract Agreement,29283531,2025-02-22,2025-06-10,2027-08-27,10.0,10.0,0,58567,12,Active
SC-PRJ-085-003,PRJ-085,Subcontract,CON-022,Subcontract Agreement,9797977,2025-02-14,2025-05-21,2027-08-11,10.0,10.0,0,19595,12,Active
SC-PRJ-085-004,PRJ-085,Subcontract,CON-055,Subcontract Agreement,22448637,2025-04-25,2025-05-18,2027-07-05,10.0,10.0,0,44897,12,Active
SC-PRJ-085-005,PRJ-085,Subcontract,CON-090,Subcontract Agreement,15353854,2025-04-13,2025-05-28,2027-08-30,10.0,10.0,0,30707,12,Active
MC-PRJ-086-001,PRJ-086,Main Contract,,FIDIC Yellow Book,115369690,2021-09-05,2021-11-10,2023-05-04,10.0,10.0,15,115369,12,Closed
SC-PRJ-086-001,PRJ-086,Subcontract,CON-087,Subcontract Agreement,3808049,2021-12-06,2022-01-22,2023-03-04,10.0,10.0,0,7616,12,Completed
SC-PRJ-086-002,PRJ-086,Subcontract,CON-086,Subcontract Agreement,14477676,2021-12-23,2021-12-31,2023-02-24,10.0,10.0,0,28955,12,Active
SC-PRJ-086-003,PRJ-086,Subcontract,CON-056,Subcontract Agreement,7756703,2021-12-05,2022-02-11,2023-02-23,10.0,10.0,0,15513,12,Active
SC-PRJ-086-004,PRJ-086,Subcontract,CON-069,Subcontract Agreement,14911470,2021-12-07,2022-01-15,2023-03-19,10.0,10.0,0,29822,12,Active
SC-PRJ-086-005,PRJ-086,Subcontract,CON-074,Subcontract Agreement,6766620,2021-12-31,2022-01-07,2023-02-24,10.0,10.0,0,13533,12,Completed
SC-PRJ-086-006,PRJ-086,Subcontract,CON-092,Subcontract Agreement,16674651,2022-01-23,2021-12-22,2023-02-26,10.0,10.0,0,33349,12,Active
MC-PRJ-087-001,PRJ-087,Main Contract,,FIDIC Yellow Book,51987427,2020-01-28,2020-03-02,2021-04-26,10.0,10.0,20,51987,12,Closed
SC-PRJ-087-001,PRJ-087,Subcontract,CON-084,Subcontract Agreement,6417053,2020-04-09,2020-06-04,2021-02-04,10.0,10.0,0,12834,12,Active
SC-PRJ-087-002,PRJ-087,Subcontract,CON-070,Subcontract Agreement,3965515,2020-04-11,2020-04-26,2021-03-01,10.0,10.0,0,7931,12,Active
SC-PRJ-087-003,PRJ-087,Subcontract,CON-066,Subcontract Agreement,2737887,2020-04-29,2020-06-25,2021-02-07,10.0,10.0,0,5475,12,Completed
SC-PRJ-087-004,PRJ-087,Subcontract,CON-003,Subcontract Agreement,2260315,2020-05-21,2020-06-30,2021-02-22,10.0,10.0,0,4520,12,Active
SC-PRJ-087-005,PRJ-087,Subcontract,CON-028,Subcontract Agreement,4938266,2020-05-25,2020-05-30,2021-03-10,10.0,10.0,0,9876,12,Completed
MC-PRJ-088-001,PRJ-088,Main Contract,,FIDIC Silver Book,237478545,2024-04-03,2024-06-23,2027-07-08,10.0,10.0,0,237478,12,Active
SC-PRJ-088-001,PRJ-088,Subcontract,CON-031,Subcontract Agreement,19027557,2024-07-12,2024-10-18,2027-04-21,10.0,10.0,0,38055,12,Active
SC-PRJ-088-002,PRJ-088,Subcontract,CON-053,Subcontract Agreement,30809483,2024-08-02,2024-07-31,2027-04-29,10.0,10.0,0,61618,12,Active
SC-PRJ-088-003,PRJ-088,Subcontract,CON-035,Subcontract Agreement,30866441,2024-07-29,2024-10-13,2027-05-29,10.0,10.0,0,61732,12,Active
SC-PRJ-088-004,PRJ-088,Subcontract,CON-031,Subcontract Agreement,25954300,2024-08-13,2024-08-22,2027-06-01,10.0,10.0,0,51908,12,Active
SC-PRJ-088-005,PRJ-088,Subcontract,CON-032,Subcontract Agreement,10674442,2024-08-01,2024-09-20,2027-05-08,10.0,10.0,0,21348,12,Completed
MC-PRJ-089-001,PRJ-089,Main Contract,,FIDIC Yellow Book,274958534,2023-11-29,2024-01-25,2026-11-10,5.0,10.0,10,274958,12,Active
SC-PRJ-089-001,PRJ-089,Subcontract,CON-034,Subcontract Agreement,10375830,2024-02-29,2024-05-18,2026-09-06,10.0,10.0,0,20751,12,Active
SC-PRJ-089-002,PRJ-089,Subcontract,CON-006,Subcontract Agreement,28529201,2024-03-27,2024-02-26,2026-10-08,10.0,10.0,0,57058,12,Active
SC-PRJ-089-003,PRJ-089,Subcontract,CON-039,Subcontract Agreement,16719574,2024-02-02,2024-04-16,2026-08-15,10.0,10.0,0,33439,12,Active
SC-PRJ-089-004,PRJ-089,Subcontract,CON-012,Subcontract Agreement,29507826,2024-03-15,2024-03-12,2026-09-26,10.0,10.0,0,59015,12,Active
SC-PRJ-089-005,PRJ-089,Subcontract,CON-065,Subcontract Agreement,25908391,2024-02-09,2024-04-30,2026-08-30,10.0,10.0,0,51816,12,Completed
MC-PRJ-090-001,PRJ-090,Main Contract,,FIDIC Silver Book,123039513,2019-11-18,2020-01-03,2023-10-14,10.0,10.0,0,123039,12,Closed
SC-PRJ-090-001,PRJ-090,Subcontract,CON-041,Subcontract Agreement,4416624,2020-02-14,2020-04-16,2023-07-29,10.0,10.0,0,8833,12,Active
SC-PRJ-090-002,PRJ-090,Subcontract,CON-096,Subcontract Agreement,15350336,2020-02-02,2020-03-27,2023-09-01,10.0,10.0,0,30700,12,Active
SC-PRJ-090-003,PRJ-090,Subcontract,CON-028,Subcontract Agreement,4169295,2020-02-07,2020-03-29,2023-08-19,10.0,10.0,0,8338,12,Active
SC-PRJ-090-004,PRJ-090,Subcontract,CON-008,Subcontract Agreement,16262992,2020-03-05,2020-04-10,2023-08-22,10.0,10.0,0,32525,12,Completed
SC-PRJ-090-005,PRJ-090,Subcontract,CON-041,Subcontract Agreement,17635550,2020-03-12,2020-03-27,2023-08-15,10.0,10.0,0,35271,12,Completed
SC-PRJ-090-006,PRJ-090,Subcontract,CON-036,Subcontract Agreement,6401139,2020-01-21,2020-03-19,2023-08-15,10.0,10.0,0,12802,12,Completed
SC-PRJ-090-007,PRJ-090,Subcontract,CON-040,Subcontract Agreement,8342830,2020-01-05,2020-04-24,2023-07-19,10.0,10.0,0,16685,12,Completed
MC-PRJ-091-001,PRJ-091,Main Contract,,FIDIC Red Book,80899519,2022-08-05,2022-10-27,2026-09-06,5.0,10.0,10,80899,24,Active
SC-PRJ-091-001,PRJ-091,Subcontract,CON-082,Subcontract Agreement,5663753,2023-01-24,2023-01-11,2026-06-11,10.0,10.0,0,11327,12,Completed
SC-PRJ-091-002,PRJ-091,Subcontract,CON-031,Subcontract Agreement,2901622,2022-12-22,2023-01-14,2026-08-07,10.0,10.0,0,5803,12,Active
SC-PRJ-091-003,PRJ-091,Subcontract,CON-033,Subcontract Agreement,11372527,2022-12-04,2022-12-07,2026-06-09,10.0,10.0,0,22745,12,Active
SC-PRJ-091-004,PRJ-091,Subcontract,CON-021,Subcontract Agreement,4745968,2022-12-22,2023-02-14,2026-07-18,10.0,10.0,0,9491,12,Completed
SC-PRJ-091-005,PRJ-091,Subcontract,CON-005,Subcontract Agreement,5890904,2022-12-01,2022-12-06,2026-06-16,10.0,10.0,0,11781,12,Active
SC-PRJ-091-006,PRJ-091,Subcontract,CON-053,Subcontract Agreement,6572427,2022-12-08,2023-01-19,2026-06-12,10.0,10.0,0,13144,12,Active
SC-PRJ-091-007,PRJ-091,Subcontract,CON-090,Subcontract Agreement,10288162,2022-11-29,2023-01-29,2026-08-03,10.0,10.0,0,20576,12,Active
MC-PRJ-092-001,PRJ-092,Main Contract,,FIDIC Yellow Book,81480008,2025-01-14,2025-03-23,2028-11-02,10.0,10.0,20,81480,12,Active
SC-PRJ-092-001,PRJ-092,Subcontract,CON-024,Subcontract Agreement,8423278,2025-06-11,2025-06-17,2028-08-14,10.0,10.0,0,16846,12,Completed
SC-PRJ-092-002,PRJ-092,Subcontract,CON-052,Subcontract Agreement,3071143,2025-04-17,2025-07-11,2028-09-14,10.0,10.0,0,6142,12,Active
SC-PRJ-092-003,PRJ-092,Subcontract,CON-015,Subcontract Agreement,7728803,2025-04-12,2025-05-23,2028-08-31,10.0,10.0,0,15457,12,Completed
MC-PRJ-093-001,PRJ-093,Main Contract,,FIDIC Silver Book,161042963,2021-07-01,2021-09-17,2023-01-10,5.0,10.0,20,161042,24,Closed
SC-PRJ-093-001,PRJ-093,Subcontract,CON-095,Subcontract Agreement,13235720,2021-10-04,2021-11-19,2022-11-30,10.0,10.0,0,26471,12,Completed
SC-PRJ-093-002,PRJ-093,Subcontract,CON-042,Subcontract Agreement,15636088,2021-10-23,2021-11-11,2022-12-06,10.0,10.0,0,31272,12,Active
SC-PRJ-093-003,PRJ-093,Subcontract,CON-051,Subcontract Agreement,10916771,2021-11-04,2021-12-29,2022-11-27,10.0,10.0,0,21833,12,Active
SC-PRJ-093-004,PRJ-093,Subcontract,CON-072,Subcontract Agreement,23070080,2021-12-08,2022-01-03,2022-11-01,10.0,10.0,0,46140,12,Active
SC-PRJ-093-005,PRJ-093,Subcontract,CON-060,Subcontract Agreement,22206185,2021-10-12,2021-11-19,2022-10-28,10.0,10.0,0,44412,12,Active
SC-PRJ-093-006,PRJ-093,Subcontract,CON-080,Subcontract Agreement,4263094,2021-11-10,2022-01-01,2022-11-25,10.0,10.0,0,8526,12,Active
MC-PRJ-094-001,PRJ-094,Main Contract,,FIDIC Red Book,158081837,2020-12-18,2021-02-09,2022-08-03,5.0,10.0,0,158081,12,Closed
SC-PRJ-094-001,PRJ-094,Subcontract,CON-099,Subcontract Agreement,13967937,2021-04-08,2021-06-05,2022-06-03,10.0,10.0,0,27935,12,Active
SC-PRJ-094-002,PRJ-094,Subcontract,CON-027,Subcontract Agreement,7774925,2021-03-05,2021-04-14,2022-06-16,10.0,10.0,0,15549,12,Completed
SC-PRJ-094-003,PRJ-094,Subcontract,CON-017,Subcontract Agreement,13317108,2021-04-05,2021-04-06,2022-05-27,10.0,10.0,0,26634,12,Active
SC-PRJ-094-004,PRJ-094,Subcontract,CON-037,Subcontract Agreement,23613785,2021-05-06,2021-04-04,2022-06-08,10.0,10.0,0,47227,12,Active
SC-PRJ-094-005,PRJ-094,Subcontract,CON-019,Subcontract Agreement,11557068,2021-02-12,2021-04-17,2022-06-18,10.0,10.0,0,23114,12,Active
SC-PRJ-094-006,PRJ-094,Subcontract,CON-032,Subcontract Agreement,15855360,2021-03-28,2021-05-24,2022-05-22,10.0,10.0,0,31710,12,Completed
SC-PRJ-094-007,PRJ-094,Subcontract,CON-002,Subcontract Agreement,12577201,2021-04-10,2021-03-28,2022-05-10,10.0,10.0,0,25154,12,Active
SC-PRJ-094-008,PRJ-094,Subcontract,CON-051,Subcontract Agreement,23186162,2021-05-07,2021-04-07,2022-05-20,10.0,10.0,0,46372,12,Active
MC-PRJ-095-001,PRJ-095,Main Contract,,FIDIC Silver Book,308628420,2022-09-28,2022-11-24,2024-08-15,10.0,10.0,0,308628,12,Closed
SC-PRJ-095-001,PRJ-095,Subcontract,CON-043,Subcontract Agreement,8529810,2022-12-24,2023-02-22,2024-05-19,10.0,10.0,0,17059,12,Active
SC-PRJ-095-002,PRJ-095,Subcontract,CON-086,Subcontract Agreement,46163443,2023-02-08,2023-03-24,2024-05-30,10.0,10.0,0,92326,12,Active
SC-PRJ-095-003,PRJ-095,Subcontract,CON-065,Subcontract Agreement,6387660,2023-02-11,2023-02-10,2024-06-27,10.0,10.0,0,12775,12,Active
SC-PRJ-095-004,PRJ-095,Subcontract,CON-017,Subcontract Agreement,33104738,2023-02-03,2022-12-29,2024-06-09,10.0,10.0,0,66209,12,Active
SC-PRJ-095-005,PRJ-095,Subcontract,CON-065,Subcontract Agreement,16615910,2023-01-26,2023-02-05,2024-05-21,10.0,10.0,0,33231,12,Active
SC-PRJ-095-006,PRJ-095,Subcontract,CON-041,Subcontract Agreement,11465403,2023-02-22,2023-03-01,2024-06-19,10.0,10.0,0,22930,12,Active
SC-PRJ-095-007,PRJ-095,Subcontract,CON-041,Subcontract Agreement,16620498,2022-11-29,2023-01-09,2024-06-15,10.0,10.0,0,33240,12,Active
MC-PRJ-096-001,PRJ-096,Main Contract,,FIDIC Silver Book,369846828,2021-05-13,2021-07-05,2023-02-25,10.0,10.0,15,369846,24,Closed
SC-PRJ-096-001,PRJ-096,Subcontract,CON-034,Subcontract Agreement,47283656,2021-09-09,2021-09-13,2022-12-30,10.0,10.0,0,94567,12,Active
SC-PRJ-096-002,PRJ-096,Subcontract,CON-063,Subcontract Agreement,22568267,2021-07-24,2021-10-14,2022-12-03,10.0,10.0,0,45136,12,Completed
SC-PRJ-096-003,PRJ-096,Subcontract,CON-057,Subcontract Agreement,38007229,2021-07-11,2021-08-28,2023-01-17,10.0,10.0,0,76014,12,Active
SC-PRJ-096-004,PRJ-096,Subcontract,CON-005,Subcontract Agreement,18448651,2021-09-03,2021-09-06,2023-01-16,10.0,10.0,0,36897,12,Completed
SC-PRJ-096-005,PRJ-096,Subcontract,CON-015,Subcontract Agreement,29856724,2021-09-06,2021-08-09,2022-12-29,10.0,10.0,0,59713,12,Active
SC-PRJ-096-006,PRJ-096,Subcontract,CON-072,Subcontract Agreement,54939420,2021-09-05,2021-10-01,2022-12-26,10.0,10.0,0,109878,12,Active
SC-PRJ-096-007,PRJ-096,Subcontract,CON-019,Subcontract Agreement,48064918,2021-07-20,2021-09-17,2023-01-21,10.0,10.0,0,96129,12,Active
MC-PRJ-097-001,PRJ-097,Main Contract,,FIDIC Yellow Book,456934173,2022-08-22,2022-10-02,2024-02-24,5.0,10.0,15,456934,12,Closed
SC-PRJ-097-001,PRJ-097,Subcontract,CON-001,Subcontract Agreement,68421593,2022-12-08,2023-01-13,2024-01-14,10.0,10.0,0,136843,12,Active
SC-PRJ-097-002,PRJ-097,Subcontract,CON-032,Subcontract Agreement,63812555,2022-12-04,2023-01-26,2024-01-19,10.0,10.0,0,127625,12,Active
SC-PRJ-097-003,PRJ-097,Subcontract,CON-088,Subcontract Agreement,10680873,2022-12-28,2022-11-16,2023-12-31,10.0,10.0,0,21361,12,Active
SC-PRJ-097-004,PRJ-097,Subcontract,CON-014,Subcontract Agreement,44205641,2022-11-12,2022-11-20,2024-01-24,10.0,10.0,0,88411,12,Active
SC-PRJ-097-005,PRJ-097,Subcontract,CON-091,Subcontract Agreement,36477198,2022-12-25,2023-01-01,2023-12-27,10.0,10.0,0,72954,12,Completed
SC-PRJ-097-006,PRJ-097,Subcontract,CON-077,Subcontract Agreement,65879032,2022-12-25,2022-11-01,2024-01-04,10.0,10.0,0,131758,12,Active
SC-PRJ-097-007,PRJ-097,Subcontract,CON-058,Subcontract Agreement,48116291,2022-11-12,2023-01-12,2024-01-17,10.0,10.0,0,96232,12,Active
MC-PRJ-098-001,PRJ-098,Main Contract,,FIDIC Red Book,441284064,2020-04-14,2020-07-04,2021-07-29,10.0,10.0,15,441284,12,Closed
SC-PRJ-098-001,PRJ-098,Subcontract,CON-078,Subcontract Agreement,12882905,2020-08-21,2020-08-14,2021-06-04,10.0,10.0,0,25765,12,Active
SC-PRJ-098-002,PRJ-098,Subcontract,CON-099,Subcontract Agreement,19037614,2020-08-24,2020-08-14,2021-06-28,10.0,10.0,0,38075,12,Active
SC-PRJ-098-003,PRJ-098,Subcontract,CON-100,Subcontract Agreement,18173087,2020-08-24,2020-09-08,2021-05-19,10.0,10.0,0,36346,12,Completed
SC-PRJ-098-004,PRJ-098,Subcontract,CON-039,Subcontract Agreement,17667913,2020-09-04,2020-09-27,2021-05-13,10.0,10.0,0,35335,12,Active
SC-PRJ-098-005,PRJ-098,Subcontract,CON-078,Subcontract Agreement,60670140,2020-07-20,2020-09-17,2021-05-18,10.0,10.0,0,121340,12,Active
SC-PRJ-098-006,PRJ-098,Subcontract,CON-066,Subcontract Agreement,56557998,2020-07-29,2020-10-04,2021-06-01,10.0,10.0,0,113115,12,Active
SC-PRJ-098-007,PRJ-098,Subcontract,CON-073,Subcontract Agreement,36157562,2020-09-18,2020-09-26,2021-06-24,10.0,10.0,0,72315,12,Active
SC-PRJ-098-008,PRJ-098,Subcontract,CON-079,Subcontract Agreement,55349936,2020-07-27,2020-09-27,2021-05-20,10.0,10.0,0,110699,12,Active
MC-PRJ-099-001,PRJ-099,Main Contract,,FIDIC Red Book,215720946,2020-02-06,2020-03-09,2023-01-23,10.0,10.0,20,215720,12,Closed
SC-PRJ-099-001,PRJ-099,Subcontract,CON-020,Subcontract Agreement,23559046,2020-05-11,2020-06-14,2022-11-14,10.0,10.0,0,47118,12,Completed
SC-PRJ-099-002,PRJ-099,Subcontract,CON-038,Subcontract Agreement,19028337,2020-05-07,2020-06-02,2022-12-19,10.0,10.0,0,38056,12,Active
SC-PRJ-099-003,PRJ-099,Subcontract,CON-017,Subcontract Agreement,12738564,2020-06-04,2020-05-16,2022-11-01,10.0,10.0,0,25477,12,Active
SC-PRJ-099-004,PRJ-099,Subcontract,CON-038,Subcontract Agreement,18983867,2020-05-20,2020-04-14,2022-11-19,10.0,10.0,0,37967,12,Active
SC-PRJ-099-005,PRJ-099,Subcontract,CON-066,Subcontract Agreement,30038982,2020-03-22,2020-06-12,2022-11-27,10.0,10.0,0,60077,12,Active
SC-PRJ-099-006,PRJ-099,Subcontract,CON-085,Subcontract Agreement,6964112,2020-05-20,2020-05-10,2022-12-02,10.0,10.0,0,13928,12,Active
SC-PRJ-099-007,PRJ-099,Subcontract,CON-099,Subcontract Agreement,20735922,2020-05-12,2020-04-10,2022-12-17,10.0,10.0,0,41471,12,Completed
SC-PRJ-099-008,PRJ-099,Subcontract,CON-023,Subcontract Agreement,22867538,2020-04-01,2020-05-28,2022-12-22,10.0,10.0,0,45735,12,Active
MC-PRJ-100-001,PRJ-100,Main Contract,,FIDIC Yellow Book,360772804,2021-01-07,2021-04-03,2022-03-29,10.0,10.0,15,360772,24,Closed
SC-PRJ-100-001,PRJ-100,Subcontract,CON-034,Subcontract Agreement,28318221,2021-05-16,2021-05-26,2022-02-14,10.0,10.0,0,56636,12,Active
SC-PRJ-100-002,PRJ-100,Subcontract,CON-078,Subcontract Agreement,10884035,2021-05-06,2021-07-28,2022-02-21,10.0,10.0,0,21768,12,Active
SC-PRJ-100-003,PRJ-100,Subcontract,CON-001,Subcontract Agreement,32277938,2021-05-23,2021-05-17,2022-02-27,10.0,10.0,0,64555,12,Active
SC-PRJ-100-004,PRJ-100,Subcontract,CON-059,Subcontract Agreement,37972826,2021-06-30,2021-06-23,2022-01-03,10.0,10.0,0,75945,12,Completed
SC-PRJ-100-005,PRJ-100,Subcontract,CON-078,Subcontract Agreement,52512103,2021-06-04,2021-06-10,2022-01-19,10.0,10.0,0,105024,12,Completed
SC-PRJ-100-006,PRJ-100,Subcontract,CON-087,Subcontract Agreement,24133803,2021-06-30,2021-07-28,2022-02-02,10.0,10.0,0,48267,12,Active
SC-PRJ-100-007,PRJ-100,Subcontract,CON-018,Subcontract Agreement,11325584,2021-04-04,2021-05-27,2022-02-20,10.0,10.0,0,22651,12,Active
SC-PRJ-100-008,PRJ-100,Subcontract,CON-025,Subcontract Agreement,39859700,2021-04-06,2021-05-29,2022-01-28,10.0,10.0,0,79719,12,Completed
