permit_id,project_id,permit_type,reference_number,application_date,issue_date,expiry_date,status,fees_aed,remarks
DDA-001-9676,PRJ-001,DDA Approval,DDA-736955,2021-12-27,2022-02-26,2025-02-25,Pending,8155,
RTA-001-1817,PRJ-001,RTA Access Permit,RTA-777741,2022-02-04,2022-03-21,2023-03-21,Approved,8548,
CD-001-1870,PRJ-001,Civil Defense NOC,CD-137421,2022-02-25,2022-05-02,2024-05-01,Approved,5315,
DM-NOC-001-9718,PRJ-001,Dubai Municipality - NOC,DM-NOC-205939,2021-10-16,2021-12-02,2022-12-02,Renewal Required,46843,
ENV-001-7628,PRJ-001,Environmental Permit,ENV-510945,2022-02-08,2022-04-04,2023-04-04,Approved,49098,
CRANE-001-5395,PRJ-001,Crane Permit,CRANE-619225,2021-10-14,2021-11-26,2022-11-26,Approved,23782,
DEWA-001-5718,PRJ-001,DEWA Connection,DEWA-840140,2022-02-09,2022-04-18,2024-04-17,Approved,7176,
ENV-002-4909,PRJ-002,Environmental Permit,ENV-278501,2022-01-11,2022-03-02,2025-03-01,Approved,11921,
TRK-002-4069,PRJ-002,Trakhees Permit,TRK-448290,2022-02-08,2022-05-06,2024-05-05,Approved,1834,
CD-002-8775,PRJ-002,Civil Defense NOC,CD-548709,2021-12-09,2022-01-29,2023-01-29,Approved,18290,
DDA-002-2261,PRJ-002,DDA Approval,DDA-279018,2021-09-22,2021-12-04,2022-12-04,Renewal Required,24078,
ETIS-002-8763,PRJ-002,Etisalat NOC,ETIS-711486,2022-01-01,2022-01-31,2024-01-31,Approved,31970,
DM-BP-003-4740,PRJ-003,Dubai Municipality - Building Permit,DM-BP-650784,2023-07-03,2023-09-03,2024-09-02,Approved,7154,
CRANE-003-2638,PRJ-003,Crane Permit,CRANE-419398,2023-06-06,2023-08-26,2026-08-25,Approved,30662,
CD-003-9039,PRJ-003,Civil Defense NOC,CD-870509,2023-05-14,2023-07-05,2026-07-04,Approved,44477,
DDA-003-8970,PRJ-003,DDA Approval,DDA-365852,2023-06-19,2023-08-11,2025-08-10,Approved,24109,
ETIS-004-1339,PRJ-004,Etisalat NOC,ETIS-255084,2020-09-01,2020-10-27,2021-10-27,Approved,24409,
ENV-004-9156,PRJ-004,Environmental Permit,ENV-132405,2020-10-28,2020-12-12,2023-12-12,Pending,24554,
TRK-004-4380,PRJ-004,Trakhees Permit,TRK-880523,2020-10-31,2020-12-05,2021-12-05,Pending,42860,
DM-BP-004-2768,PRJ-004,Dubai Municipality - Building Permit,DM-BP-387230,2020-09-14,2020-12-09,2023-12-09,Renewal Required,30443,
DEWA-004-9632,PRJ-004,DEWA Connection,DEWA-283450,2020-09-18,2020-11-03,2023-11-03,Approved,22705,
CD-004-7406,PRJ-004,Civil Defense NOC,CD-717766,2020-09-12,2020-11-07,2022-11-07,Approved,13489,
CRANE-005-3014,PRJ-005,Crane Permit,CRANE-554515,2019-12-21,2020-03-10,2022-03-10,Renewal Required,23740,
ENV-005-5725,PRJ-005,Environmental Permit,ENV-215543,2019-12-13,2020-01-12,2022-01-11,Approved,31560,
ETIS-005-3461,PRJ-005,Etisalat NOC,ETIS-648600,2020-02-02,2020-03-21,2023-03-21,Renewal Required,44536,
DDA-005-3664,PRJ-005,DDA Approval,DDA-418395,2019-12-22,2020-02-21,2022-02-20,Approved,20315,
TRK-006-3022,PRJ-006,Trakhees Permit,TRK-155777,2024-10-26,2024-12-26,2026-12-26,Approved,29201,
DM-BP-006-6771,PRJ-006,Dubai Municipality - Building Permit,DM-BP-792325,2024-11-05,2025-01-27,2026-01-27,Approved,17477,
RTA-006-3256,PRJ-006,RTA Access Permit,RTA-467230,2024-08-29,2024-11-23,2026-11-23,Renewal Required,44602,
DEWA-006-3540,PRJ-006,DEWA Connection,DEWA-190181,2024-08-12,2024-10-26,2026-10-26,Approved,49041,
DDA-007-8752,PRJ-007,DDA Approval,DDA-471858,2025-01-09,2025-02-23,2028-02-23,Pending,28693,
DM-NOC-007-7539,PRJ-007,Dubai Municipality - NOC,DM-NOC-202905,2024-10-31,2025-01-26,2027-01-26,Approved,40127,
CD-007-6091,PRJ-007,Civil Defense NOC,CD-281720,2024-12-16,2025-02-20,2027-02-20,Approved,38890,
ENV-007-3280,PRJ-007,Environmental Permit,ENV-816514,2025-01-10,2025-03-30,2026-03-30,Approved,9892,
DM-BP-007-7820,PRJ-007,Dubai Municipality - Building Permit,DM-BP-681208,2024-12-25,2025-02-05,2027-02-05,Approved,6609,
CRANE-008-3270,PRJ-008,Crane Permit,CRANE-652150,2025-01-04,2025-03-03,2028-03-02,Approved,34018,
TRK-008-6858,PRJ-008,Trakhees Permit,TRK-591130,2024-10-19,2024-12-10,2026-12-10,Pending,28558,
DEWA-008-7721,PRJ-008,DEWA Connection,DEWA-583691,2024-10-14,2024-11-14,2027-11-14,Approved,28585,
RTA-008-2448,PRJ-008,RTA Access Permit,RTA-892572,2025-01-01,2025-02-08,2028-02-08,Approved,16902,
DDA-008-9391,PRJ-008,DDA Approval,DDA-491235,2024-12-17,2025-01-24,2028-01-24,Renewal Required,38065,
DM-BP-008-5806,PRJ-008,Dubai Municipality - Building Permit,DM-BP-156136,2024-12-21,2025-03-09,2027-03-09,Approved,27407,
TRK-009-1890,PRJ-009,Trakhees Permit,TRK-188771,2021-08-07,2021-09-09,2023-09-09,Approved,22855,
ENV-009-2595,PRJ-009,Environmental Permit,ENV-961866,2021-08-31,2021-10-18,2024-10-17,Pending,46258,
CRANE-009-6428,PRJ-009,Crane Permit,CRANE-163821,2021-08-28,2021-10-04,2024-10-03,Renewal Required,45198,
DDA-009-9369,PRJ-009,DDA Approval,DDA-875278,2021-10-12,2021-12-26,2022-12-26,Approved,34833,
ENV-010-3535,PRJ-010,Environmental Permit,ENV-415508,2022-03-10,2022-05-19,2024-05-18,Approved,32782,
TRK-010-4288,PRJ-010,Trakhees Permit,TRK-220280,2022-01-29,2022-03-04,2023-03-04,Approved,40570,
DEWA-010-2983,PRJ-010,DEWA Connection,DEWA-645073,2021-12-25,2022-01-30,2023-01-30,Approved,7789,
DM-NOC-010-8761,PRJ-010,Dubai Municipality - NOC,DM-NOC-125854,2021-11-18,2022-02-09,2025-02-08,Pending,26605,
ETIS-010-1911,PRJ-010,Etisalat NOC,ETIS-227728,2022-04-08,2022-05-27,2024-05-26,Pending,13061,
ENV-011-3018,PRJ-011,Environmental Permit,ENV-553355,2023-08-24,2023-10-02,2026-10-01,Approved,13111,
CD-011-3321,PRJ-011,Civil Defense NOC,CD-958311,2023-11-30,2024-02-15,2027-02-14,Approved,12191,
TRK-011-9380,PRJ-011,Trakhees Permit,TRK-877691,2023-11-08,2024-01-21,2027-01-20,Approved,32205,
DDA-011-8871,PRJ-011,DDA Approval,DDA-404124,2023-10-30,2023-12-17,2026-12-16,Approved,39585,
ETIS-011-9076,PRJ-011,Etisalat NOC,ETIS-485183,2024-01-03,2024-03-15,2026-03-15,Pending,26285,
TRK-012-1458,PRJ-012,Trakhees Permit,TRK-397189,2023-04-05,2023-06-03,2024-06-02,Renewal Required,26521,
DDA-012-1180,PRJ-012,DDA Approval,DDA-708738,2023-03-07,2023-04-25,2024-04-24,Renewal Required,30129,
ENV-012-1698,PRJ-012,Environmental Permit,ENV-471958,2022-12-04,2023-01-11,2025-01-10,Pending,19147,
DM-NOC-012-1149,PRJ-012,Dubai Municipality - NOC,DM-NOC-266004,2022-12-19,2023-02-09,2026-02-08,Renewal Required,14813,
ENV-013-6764,PRJ-013,Environmental Permit,ENV-787796,2024-04-19,2024-07-04,2027-07-04,Approved,31112,
DDA-013-3294,PRJ-013,DDA Approval,DDA-391860,2024-02-20,2024-05-10,2027-05-10,Approved,26816,
DM-NOC-013-2117,PRJ-013,Dubai Municipality - NOC,DM-NOC-980096,2024-06-25,2024-09-04,2026-09-04,Pending,31916,
TRK-013-3955,PRJ-013,Trakhees Permit,TRK-704020,2024-05-31,2024-08-14,2027-08-14,Renewal Required,17988,
ETIS-013-3120,PRJ-013,Etisalat NOC,ETIS-831663,2024-05-17,2024-07-06,2027-07-06,Renewal Required,23812,
CRANE-013-7615,PRJ-013,Crane Permit,CRANE-170852,2024-03-20,2024-04-21,2025-04-21,Approved,16184,
DM-NOC-014-4793,PRJ-014,Dubai Municipality - NOC,DM-NOC-909231,2023-09-13,2023-12-03,2026-12-02,Approved,7909,
TRK-014-3850,PRJ-014,Trakhees Permit,TRK-863534,2023-08-23,2023-11-18,2025-11-17,Pending,5218,
ENV-014-2014,PRJ-014,Environmental Permit,ENV-741627,2023-07-06,2023-08-21,2024-08-20,Approved,5776,
DEWA-014-8234,PRJ-014,DEWA Connection,DEWA-900432,2023-09-13,2023-11-05,2026-11-04,Approved,12407,
DM-NOC-015-4272,PRJ-015,Dubai Municipality - NOC,DM-NOC-305225,2019-12-22,2020-02-06,2022-02-05,Pending,45489,
TRK-015-5687,PRJ-015,Trakhees Permit,TRK-336450,2020-02-01,2020-03-14,2023-03-14,Approved,29446,
DDA-015-9659,PRJ-015,DDA Approval,DDA-947954,2020-03-14,2020-06-02,2021-06-02,Approved,39149,
CRANE-015-1397,PRJ-015,Crane Permit,CRANE-759675,2019-11-14,2020-01-25,2021-01-24,Approved,3178,
ETIS-015-3302,PRJ-015,Etisalat NOC,ETIS-105490,2020-01-03,2020-02-25,2022-02-24,Renewal Required,36820,
CD-015-2179,PRJ-015,Civil Defense NOC,CD-457261,2020-02-05,2020-03-17,2023-03-17,Renewal Required,33517,
RTA-016-3258,PRJ-016,RTA Access Permit,RTA-940534,2020-04-30,2020-06-03,2022-06-03,Pending,41990,
TRK-016-7162,PRJ-016,Trakhees Permit,TRK-174310,2020-02-28,2020-05-04,2021-05-04,Approved,34898,
ETIS-016-5886,PRJ-016,Etisalat NOC,ETIS-205814,2020-06-27,2020-08-03,2022-08-03,Approved,4373,
DEWA-016-9856,PRJ-016,DEWA Connection,DEWA-446994,2020-08-20,2020-09-20,2021-09-20,Approved,17474,
CD-016-7396,PRJ-016,Civil Defense NOC,CD-837435,2020-02-27,2020-04-19,2021-04-19,Approved,19878,
ENV-017-1928,PRJ-017,Environmental Permit,ENV-672461,2022-02-13,2022-04-28,2023-04-28,Renewal Required,31866,
RTA-017-5309,PRJ-017,RTA Access Permit,RTA-784963,2022-03-06,2022-04-06,2023-04-06,Approved,28617,
CD-017-5274,PRJ-017,Civil Defense NOC,CD-310251,2022-02-07,2022-03-30,2023-03-30,Approved,14384,
CRANE-017-9963,PRJ-017,Crane Permit,CRANE-956437,2022-01-07,2022-03-24,2024-03-23,Approved,16441,
DM-NOC-018-8844,PRJ-018,Dubai Municipality - NOC,DM-NOC-235753,2023-01-08,2023-02-24,2026-02-23,Approved,7819,
DM-BP-018-1583,PRJ-018,Dubai Municipality - Building Permit,DM-BP-620719,2023-01-24,2023-03-27,2024-03-26,Approved,29279,
ETIS-018-8824,PRJ-018,Etisalat NOC,ETIS-418157,2022-09-21,2022-12-10,2023-12-10,Approved,4627,
ENV-018-1431,PRJ-018,Environmental Permit,ENV-911192,2022-10-12,2022-12-31,2023-12-31,Renewal Required,40854,
RTA-018-7215,PRJ-018,RTA Access Permit,RTA-815067,2022-07-27,2022-10-08,2025-10-07,Approved,37208,
CD-018-8899,PRJ-018,Civil Defense NOC,CD-154673,2022-10-03,2022-11-26,2024-11-25,Approved,29162,
DDA-018-7993,PRJ-018,DDA Approval,DDA-676239,2022-10-08,2022-11-15,2023-11-15,Pending,8732,
ETIS-019-2507,PRJ-019,Etisalat NOC,ETIS-717210,2020-09-21,2020-10-21,2021-10-21,Pending,49986,
CRANE-019-9785,PRJ-019,Crane Permit,CRANE-695642,2020-12-14,2021-01-15,2022-01-15,Approved,4727,
RTA-019-2255,PRJ-019,RTA Access Permit,RTA-159406,2020-08-09,2020-09-16,2022-09-16,Approved,19520,
DEWA-019-1716,PRJ-019,DEWA Connection,DEWA-429384,2020-09-19,2020-11-10,2023-11-10,Approved,20163,
TRK-019-3125,PRJ-019,Trakhees Permit,TRK-735566,2020-08-28,2020-10-22,2022-10-22,Approved,44030,
DM-BP-019-2258,PRJ-019,Dubai Municipality - Building Permit,DM-BP-180088,2020-12-18,2021-02-02,2024-02-02,Approved,33435,
DM-NOC-019-6848,PRJ-019,Dubai Municipality - NOC,DM-NOC-330987,2020-07-27,2020-09-23,2023-09-23,Approved,25047,
CD-019-5795,PRJ-019,Civil Defense NOC,CD-785395,2020-12-06,2021-01-20,2024-01-20,Approved,21896,
ENV-020-2285,PRJ-020,Environmental Permit,ENV-313442,2022-10-31,2023-01-27,2024-01-27,Renewal Required,16108,
DM-NOC-020-5996,PRJ-020,Dubai Municipality - NOC,DM-NOC-877947,2022-12-02,2023-02-05,2024-02-05,Approved,25404,
DM-BP-020-3325,PRJ-020,Dubai Municipality - Building Permit,DM-BP-137609,2023-02-25,2023-04-11,2026-04-10,Pending,43592,
DEWA-020-8434,PRJ-020,DEWA Connection,DEWA-219787,2023-03-22,2023-04-22,2025-04-21,Approved,18714,
RTA-020-5554,PRJ-020,RTA Access Permit,RTA-716814,2023-04-25,2023-06-18,2025-06-17,Approved,4913,
CD-020-5572,PRJ-020,Civil Defense NOC,CD-996086,2023-02-08,2023-04-18,2025-04-17,Pending,2235,
ETIS-020-7268,PRJ-020,Etisalat NOC,ETIS-503348,2023-01-01,2023-02-28,2024-02-28,Approved,14482,
CRANE-020-7214,PRJ-020,Crane Permit,CRANE-293385,2023-05-06,2023-07-17,2025-07-16,Renewal Required,4424,
DM-BP-021-5301,PRJ-021,Dubai Municipality - Building Permit,DM-BP-949602,2021-03-17,2021-06-03,2024-06-02,Approved,2792,
ENV-021-6586,PRJ-021,Environmental Permit,ENV-861042,2021-03-27,2021-06-18,2024-06-17,Pending,29019,
ETIS-021-1935,PRJ-021,Etisalat NOC,ETIS-946616,2021-07-28,2021-09-02,2024-09-01,Pending,48270,
CRANE-021-5709,PRJ-021,Crane Permit,CRANE-660737,2021-03-29,2021-05-27,2023-05-27,Renewal Required,48134,
CD-021-9501,PRJ-021,Civil Defense NOC,CD-372735,2021-04-12,2021-05-22,2023-05-22,Pending,49865,
DEWA-021-4903,PRJ-021,DEWA Connection,DEWA-238278,2021-04-02,2021-06-29,2022-06-29,Approved,45734,
DM-NOC-022-1632,PRJ-022,Dubai Municipality - NOC,DM-NOC-745448,2024-01-18,2024-03-05,2026-03-05,Approved,44203,
RTA-022-5104,PRJ-022,RTA Access Permit,RTA-920433,2023-11-02,2024-01-12,2027-01-11,Approved,9146,
CD-022-6028,PRJ-022,Civil Defense NOC,CD-696053,2024-03-21,2024-06-01,2026-06-01,Approved,12716,
DEWA-022-8271,PRJ-022,DEWA Connection,DEWA-585201,2024-02-24,2024-03-26,2026-03-26,Approved,31568,
TRK-022-1606,PRJ-022,Trakhees Permit,TRK-476149,2024-03-26,2024-05-25,2027-05-25,Renewal Required,15276,
ENV-022-7694,PRJ-022,Environmental Permit,ENV-161430,2024-04-02,2024-06-08,2025-06-08,Approved,40998,
ETIS-023-3084,PRJ-023,Etisalat NOC,ETIS-338466,2021-09-28,2021-12-07,2022-12-07,Approved,41497,
DM-NOC-023-1812,PRJ-023,Dubai Municipality - NOC,DM-NOC-343974,2021-11-14,2021-12-21,2024-12-20,Approved,13075,
TRK-023-9302,PRJ-023,Trakhees Permit,TRK-561697,2021-11-05,2022-01-11,2024-01-11,Approved,37268,
ENV-023-4734,PRJ-023,Environmental Permit,ENV-163766,2021-09-29,2021-12-28,2024-12-27,Approved,17871,
DEWA-023-1264,PRJ-023,DEWA Connection,DEWA-811341,2021-07-07,2021-09-29,2023-09-29,Renewal Required,48075,
CRANE-023-1732,PRJ-023,Crane Permit,CRANE-729752,2021-08-03,2021-09-17,2023-09-17,Approved,6077,
CD-023-9305,PRJ-023,Civil Defense NOC,CD-565371,2021-10-06,2021-11-12,2024-11-11,Approved,16530,
DDA-023-4343,PRJ-023,DDA Approval,DDA-441614,2021-06-26,2021-08-31,2023-08-31,Pending,5678,
CD-024-7686,PRJ-024,Civil Defense NOC,CD-783648,2025-02-24,2025-04-18,2027-04-18,Approved,41757,
DEWA-024-1510,PRJ-024,DEWA Connection,DEWA-268100,2025-03-05,2025-04-27,2026-04-27,Approved,10834,
DM-BP-024-1418,PRJ-024,Dubai Municipality - Building Permit,DM-BP-211392,2024-09-13,2024-11-20,2025-11-20,Approved,34475,
ENV-024-9326,PRJ-024,Environmental Permit,ENV-921524,2024-11-04,2025-01-10,2028-01-10,Approved,15081,
CRANE-024-7206,PRJ-024,Crane Permit,CRANE-971080,2024-09-11,2024-11-17,2025-11-17,Approved,25975,
DDA-024-2285,PRJ-024,DDA Approval,DDA-181066,2024-10-17,2025-01-14,2026-01-14,Renewal Required,33997,
ETIS-024-9982,PRJ-024,Etisalat NOC,ETIS-869603,2024-11-08,2025-01-03,2028-01-03,Approved,35587,
CRANE-025-5410,PRJ-025,Crane Permit,CRANE-304497,2023-12-17,2024-03-09,2027-03-09,Approved,16992,
TRK-025-6385,PRJ-025,Trakhees Permit,TRK-354880,2023-12-13,2024-03-03,2026-03-03,Approved,30872,
ENV-025-6157,PRJ-025,Environmental Permit,ENV-884532,2024-03-18,2024-04-24,2027-04-24,Approved,30164,
DEWA-025-7716,PRJ-025,DEWA Connection,DEWA-479459,2024-02-16,2024-03-22,2026-03-22,Renewal Required,34137,
ETIS-026-7862,PRJ-026,Etisalat NOC,ETIS-340924,2019-12-18,2020-02-22,2021-02-21,Renewal Required,17052,
TRK-026-7678,PRJ-026,Trakhees Permit,TRK-806850,2019-09-08,2019-11-14,2022-11-13,Approved,40685,
RTA-026-5264,PRJ-026,RTA Access Permit,RTA-934515,2019-08-17,2019-10-04,2021-10-03,Approved,8730,
ENV-026-2335,PRJ-026,Environmental Permit,ENV-528346,2019-11-28,2020-01-23,2023-01-22,Approved,38749,
RTA-027-5315,PRJ-027,RTA Access Permit,RTA-902694,2022-08-15,2022-10-19,2025-10-18,Pending,49683,
DEWA-027-2654,PRJ-027,DEWA Connection,DEWA-232537,2022-10-26,2023-01-19,2024-01-19,Pending,2568,
TRK-027-3735,PRJ-027,Trakhees Permit,TRK-176561,2023-02-18,2023-03-28,2026-03-27,Renewal Required,26435,
DM-BP-027-7919,PRJ-027,Dubai Municipality - Building Permit,DM-BP-471581,2022-09-15,2022-10-23,2024-10-22,Renewal Required,16822,
DM-NOC-027-5806,PRJ-027,Dubai Municipality - NOC,DM-NOC-224811,2022-10-19,2022-12-09,2024-12-08,Renewal Required,40895,
DDA-027-2765,PRJ-027,DDA Approval,DDA-857260,2022-12-27,2023-01-28,2024-01-28,Approved,30418,
CRANE-027-7699,PRJ-027,Crane Permit,CRANE-761475,2022-12-05,2023-02-01,2026-01-31,Pending,19958,
DEWA-028-8430,PRJ-028,DEWA Connection,DEWA-497803,2022-11-24,2023-01-13,2025-01-12,Approved,34336,
CRANE-028-5576,PRJ-028,Crane Permit,CRANE-910555,2022-09-19,2022-10-25,2023-10-25,Approved,33328,
DM-NOC-028-6588,PRJ-028,Dubai Municipality - NOC,DM-NOC-150633,2022-10-02,2022-12-07,2025-12-06,Renewal Required,38999,
TRK-028-9326,PRJ-028,Trakhees Permit,TRK-985066,2022-05-02,2022-07-30,2024-07-29,Approved,22155,
DM-BP-028-7292,PRJ-028,Dubai Municipality - Building Permit,DM-BP-434053,2022-07-29,2022-10-15,2023-10-15,Approved,3748,
CD-028-4451,PRJ-028,Civil Defense NOC,CD-551451,2022-09-25,2022-11-27,2024-11-26,Renewal Required,41335,
ENV-028-6150,PRJ-028,Environmental Permit,ENV-204298,2022-07-04,2022-08-25,2024-08-24,Approved,8769,
CD-029-5250,PRJ-029,Civil Defense NOC,CD-735615,2023-09-11,2023-11-28,2024-11-27,Approved,44675,
TRK-029-5565,PRJ-029,Trakhees Permit,TRK-247852,2023-12-17,2024-01-22,2025-01-21,Renewal Required,34338,
ENV-029-3766,PRJ-029,Environmental Permit,ENV-128678,2023-08-19,2023-10-26,2024-10-25,Renewal Required,36252,
DM-NOC-029-4197,PRJ-029,Dubai Municipality - NOC,DM-NOC-106988,2023-07-03,2023-09-02,2024-09-01,Approved,14313,
DDA-029-5617,PRJ-029,DDA Approval,DDA-698910,2023-06-17,2023-08-13,2026-08-12,Pending,35137,
DEWA-029-3067,PRJ-029,DEWA Connection,DEWA-971406,2023-06-24,2023-08-22,2025-08-21,Approved,47940,
TRK-030-2423,PRJ-030,Trakhees Permit,TRK-243464,2024-03-08,2024-04-24,2027-04-24,Approved,24181,
DDA-030-2295,PRJ-030,DDA Approval,DDA-880431,2024-01-10,2024-03-30,2025-03-30,Approved,22437,
CRANE-030-3567,PRJ-030,Crane Permit,CRANE-631691,2024-02-05,2024-03-27,2026-03-27,Pending,42328,
DEWA-030-9402,PRJ-030,DEWA Connection,DEWA-804728,2024-02-20,2024-05-09,2025-05-09,Approved,3513,
DM-NOC-031-5029,PRJ-031,Dubai Municipality - NOC,DM-NOC-243523,2023-10-25,2023-12-31,2025-12-30,Approved,45128,
ENV-031-4205,PRJ-031,Environmental Permit,ENV-378172,2023-10-04,2023-12-03,2024-12-02,Pending,13262,
ETIS-031-9138,PRJ-031,Etisalat NOC,ETIS-396327,2023-11-28,2024-01-05,2025-01-04,Approved,34836,
CRANE-031-4509,PRJ-031,Crane Permit,CRANE-103353,2023-12-18,2024-02-13,2025-02-12,Pending,37551,
CD-031-4416,PRJ-031,Civil Defense NOC,CD-844479,2023-11-26,2024-01-06,2025-01-05,Pending,46087,
DM-BP-031-5310,PRJ-031,Dubai Municipality - Building Permit,DM-BP-743173,2023-10-07,2023-11-30,2026-11-29,Renewal Required,16382,
TRK-031-6713,PRJ-031,Trakhees Permit,TRK-607755,2023-08-06,2023-10-08,2026-10-07,Approved,20667,
CD-032-7425,PRJ-032,Civil Defense NOC,CD-726882,2022-08-22,2022-10-13,2025-10-12,Pending,20360,
TRK-032-2581,PRJ-032,Trakhees Permit,TRK-329565,2022-06-24,2022-07-31,2024-07-30,Pending,30305,
ENV-032-6331,PRJ-032,Environmental Permit,ENV-359413,2022-05-23,2022-08-03,2024-08-02,Approved,12547,
DDA-032-8614,PRJ-032,DDA Approval,DDA-434397,2022-05-12,2022-07-23,2023-07-23,Approved,46676,
ETIS-032-7522,PRJ-032,Etisalat NOC,ETIS-839056,2022-05-18,2022-06-25,2024-06-24,Pending,40390,
RTA-033-1996,PRJ-033,RTA Access Permit,RTA-689569,2024-02-16,2024-05-05,2026-05-05,Approved,45236,
DM-BP-033-6203,PRJ-033,Dubai Municipality - Building Permit,DM-BP-531204,2024-05-17,2024-07-11,2026-07-11,Pending,27127,
CD-033-5271,PRJ-033,Civil Defense NOC,CD-157287,2024-06-29,2024-08-15,2026-08-15,Approved,23271,
DEWA-033-1747,PRJ-033,DEWA Connection,DEWA-423496,2024-06-13,2024-08-10,2026-08-10,Approved,38519,
TRK-033-3728,PRJ-033,Trakhees Permit,TRK-662050,2024-08-24,2024-10-06,2027-10-06,Approved,41193,
DM-NOC-033-6401,PRJ-033,Dubai Municipality - NOC,DM-NOC-235492,2024-05-23,2024-07-30,2027-07-30,Approved,48331,
CRANE-033-1345,PRJ-033,Crane Permit,CRANE-941390,2024-04-01,2024-05-25,2025-05-25,Approved,24114,
DM-NOC-034-7480,PRJ-034,Dubai Municipality - NOC,DM-NOC-852689,2023-09-08,2023-10-22,2025-10-21,Approved,25502,
DM-BP-034-6431,PRJ-034,Dubai Municipality - Building Permit,DM-BP-533476,2023-11-08,2023-12-21,2026-12-20,Approved,1893,
RTA-034-1591,PRJ-034,RTA Access Permit,RTA-986552,2023-09-11,2023-10-12,2026-10-11,Approved,33866,
DEWA-034-7519,PRJ-034,DEWA Connection,DEWA-929783,2023-11-03,2024-01-03,2025-01-02,Approved,19552,
CD-034-5939,PRJ-034,Civil Defense NOC,CD-125422,2023-09-15,2023-10-29,2026-10-28,Approved,3213,
CRANE-034-5463,PRJ-034,Crane Permit,CRANE-886343,2023-11-01,2023-12-08,2025-12-07,Pending,9597,
ETIS-034-5423,PRJ-034,Etisalat NOC,ETIS-189041,2024-02-14,2024-03-19,2025-03-19,Renewal Required,48324,
DDA-034-7805,PRJ-034,DDA Approval,DDA-121133,2024-01-18,2024-02-17,2027-02-16,Renewal Required,40640,
DM-NOC-035-6114,PRJ-035,Dubai Municipality - NOC,DM-NOC-922892,2022-06-09,2022-07-29,2024-07-28,Renewal Required,49724,
DDA-035-1383,PRJ-035,DDA Approval,DDA-416831,2022-06-07,2022-07-24,2024-07-23,Approved,7532,
RTA-035-5329,PRJ-035,RTA Access Permit,RTA-787919,2022-04-26,2022-07-01,2024-06-30,Pending,20086,
ENV-035-8037,PRJ-035,Environmental Permit,ENV-197582,2022-03-24,2022-05-07,2024-05-06,Renewal Required,19255,
CD-035-8919,PRJ-035,Civil Defense NOC,CD-398239,2022-01-19,2022-04-17,2025-04-16,Renewal Required,34200,
DDA-036-7106,PRJ-036,DDA Approval,DDA-899749,2022-08-24,2022-10-27,2025-10-26,Approved,30639,
DM-BP-036-4671,PRJ-036,Dubai Municipality - Building Permit,DM-BP-705950,2022-11-01,2022-12-02,2024-12-01,Approved,30300,
TRK-036-7059,PRJ-036,Trakhees Permit,TRK-599967,2022-09-20,2022-11-25,2023-11-25,Approved,22786,
ETIS-036-3355,PRJ-036,Etisalat NOC,ETIS-949011,2022-12-15,2023-02-23,2024-02-23,Approved,37758,
RTA-036-3773,PRJ-036,RTA Access Permit,RTA-317770,2022-09-24,2022-12-18,2024-12-17,Renewal Required,17381,
DEWA-037-4808,PRJ-037,DEWA Connection,DEWA-161795,2021-08-19,2021-11-06,2023-11-06,Approved,27991,
DDA-037-6102,PRJ-037,DDA Approval,DDA-876482,2021-12-01,2022-01-21,2023-01-21,Approved,22066,
TRK-037-7660,PRJ-037,Trakhees Permit,TRK-105842,2022-02-15,2022-04-03,2025-04-02,Approved,37858,
CD-037-9007,PRJ-037,Civil Defense NOC,CD-672091,2021-09-13,2021-11-13,2023-11-13,Approved,22091,
TRK-038-3085,PRJ-038,Trakhees Permit,TRK-893653,2021-02-11,2021-03-13,2022-03-13,Renewal Required,8961,
ENV-038-3722,PRJ-038,Environmental Permit,ENV-306954,2021-04-17,2021-06-14,2022-06-14,Approved,28799,
DM-NOC-038-9113,PRJ-038,Dubai Municipality - NOC,DM-NOC-279015,2021-01-20,2021-03-31,2024-03-30,Pending,10166,
DM-BP-038-9963,PRJ-038,Dubai Municipality - Building Permit,DM-BP-538459,2021-02-18,2021-04-14,2022-04-14,Approved,8705,
RTA-038-8134,PRJ-038,RTA Access Permit,RTA-408515,2021-01-31,2021-04-17,2024-04-16,Approved,35241,
DDA-038-6281,PRJ-038,DDA Approval,DDA-744979,2021-04-10,2021-07-05,2023-07-05,Renewal Required,43612,
ETIS-038-3718,PRJ-038,Etisalat NOC,ETIS-248391,2021-04-03,2021-05-21,2024-05-20,Approved,41239,
ENV-039-3217,PRJ-039,Environmental Permit,ENV-272216,2019-09-11,2019-11-13,2022-11-12,Pending,1643,
CD-039-6205,PRJ-039,Civil Defense NOC,CD-536525,2019-08-30,2019-10-10,2020-10-09,Pending,5394,
TRK-039-1091,PRJ-039,Trakhees Permit,TRK-426988,2019-11-12,2020-01-25,2021-01-24,Approved,46484,
RTA-039-2537,PRJ-039,RTA Access Permit,RTA-663852,2019-11-08,2020-01-06,2022-01-05,Approved,5004,
DM-NOC-039-8679,PRJ-039,Dubai Municipality - NOC,DM-NOC-723330,2019-10-28,2019-12-07,2020-12-06,Approved,42703,
DEWA-039-4703,PRJ-039,DEWA Connection,DEWA-461714,2019-08-19,2019-10-28,2020-10-27,Approved,18994,
DDA-040-9864,PRJ-040,DDA Approval,DDA-772765,2022-03-21,2022-06-01,2023-06-01,Approved,39839,
CD-040-3497,PRJ-040,Civil Defense NOC,CD-207978,2022-06-24,2022-09-08,2023-09-08,Approved,12686,
ETIS-040-5307,PRJ-040,Etisalat NOC,ETIS-691040,2022-04-28,2022-06-03,2023-06-03,Renewal Required,39490,
ENV-040-7274,PRJ-040,Environmental Permit,ENV-446198,2022-03-26,2022-05-31,2025-05-30,Renewal Required,19169,
RTA-040-8756,PRJ-040,RTA Access Permit,RTA-319473,2022-03-17,2022-04-26,2023-04-26,Approved,15184,
DEWA-040-2496,PRJ-040,DEWA Connection,DEWA-942377,2022-04-07,2022-06-15,2023-06-15,Approved,11801,
DM-BP-041-7969,PRJ-041,Dubai Municipality - Building Permit,DM-BP-797137,2024-06-11,2024-08-10,2026-08-10,Approved,33792,
ETIS-041-2921,PRJ-041,Etisalat NOC,ETIS-352468,2024-07-19,2024-09-22,2026-09-22,Pending,26266,
DM-NOC-041-8773,PRJ-041,Dubai Municipality - NOC,DM-NOC-472235,2024-09-07,2024-10-26,2027-10-26,Approved,35779,
CRANE-041-2281,PRJ-041,Crane Permit,CRANE-734787,2024-08-09,2024-10-31,2025-10-31,Approved,42534,
TRK-041-5550,PRJ-041,Trakhees Permit,TRK-845902,2024-08-14,2024-09-22,2026-09-22,Renewal Required,29943,
CD-041-9029,PRJ-041,Civil Defense NOC,CD-828864,2024-06-26,2024-09-14,2026-09-14,Approved,37562,
RTA-041-8133,PRJ-041,RTA Access Permit,RTA-783768,2024-11-20,2025-01-11,2026-01-11,Approved,24965,
ETIS-042-7130,PRJ-042,Etisalat NOC,ETIS-287700,2021-04-08,2021-07-06,2024-07-05,Approved,13834,
DDA-042-8243,PRJ-042,DDA Approval,DDA-478526,2021-06-30,2021-09-01,2022-09-01,Approved,39416,
RTA-042-6085,PRJ-042,RTA Access Permit,RTA-444406,2021-04-20,2021-05-26,2023-05-26,Approved,33951,
CD-042-1212,PRJ-042,Civil Defense NOC,CD-736249,2021-04-27,2021-06-13,2022-06-13,Approved,43052,
ENV-042-8843,PRJ-042,Environmental Permit,ENV-517641,2021-09-06,2021-10-08,2024-10-07,Approved,18968,
DM-NOC-042-1937,PRJ-042,Dubai Municipality - NOC,DM-NOC-699975,2021-07-07,2021-09-27,2022-09-27,Pending,40816,
TRK-042-8446,PRJ-042,Trakhees Permit,TRK-614117,2021-08-11,2021-09-21,2023-09-21,Renewal Required,7808,
ETIS-043-3898,PRJ-043,Etisalat NOC,ETIS-992278,2019-09-14,2019-10-22,2020-10-21,Pending,8826,
DM-BP-043-1918,PRJ-043,Dubai Municipality - Building Permit,DM-BP-564915,2019-08-11,2019-10-20,2022-10-19,Approved,21593,
DEWA-043-2597,PRJ-043,DEWA Connection,DEWA-999563,2019-12-08,2020-02-10,2022-02-09,Approved,43932,
CRANE-043-1273,PRJ-043,Crane Permit,CRANE-448824,2019-09-17,2019-12-09,2022-12-08,Approved,47485,
CRANE-044-7821,PRJ-044,Crane Permit,CRANE-978409,2022-02-15,2022-04-28,2025-04-27,Approved,5256,
ETIS-044-4161,PRJ-044,Etisalat NOC,ETIS-965125,2021-12-20,2022-03-08,2025-03-07,Approved,48772,
DM-BP-044-5368,PRJ-044,Dubai Municipality - Building Permit,DM-BP-188047,2022-01-01,2022-02-11,2024-02-11,Approved,19056,
ENV-044-4255,PRJ-044,Environmental Permit,ENV-822171,2022-02-15,2022-04-18,2024-04-17,Approved,42635,
RTA-044-1052,PRJ-044,RTA Access Permit,RTA-426279,2022-01-29,2022-03-17,2025-03-16,Approved,8714,
TRK-045-3990,PRJ-045,Trakhees Permit,TRK-864989,2020-01-12,2020-02-16,2021-02-15,Approved,39741,
DM-NOC-045-1329,PRJ-045,Dubai Municipality - NOC,DM-NOC-903966,2020-03-10,2020-04-19,2021-04-19,Approved,42808,
CRANE-045-7136,PRJ-045,Crane Permit,CRANE-582711,2019-12-10,2020-01-14,2023-01-13,Approved,21170,
DM-BP-045-4130,PRJ-045,Dubai Municipality - Building Permit,DM-BP-883714,2020-03-28,2020-06-14,2023-06-14,Approved,21348,
DDA-045-1873,PRJ-045,DDA Approval,DDA-497735,2020-01-03,2020-03-18,2022-03-18,Approved,19282,
ETIS-045-3300,PRJ-045,Etisalat NOC,ETIS-692487,2020-04-20,2020-06-09,2022-06-09,Approved,13336,
RTA-046-5334,PRJ-046,RTA Access Permit,RTA-196901,2023-08-18,2023-10-18,2025-10-17,Renewal Required,24829,
DEWA-046-6715,PRJ-046,DEWA Connection,DEWA-909889,2023-07-19,2023-09-28,2026-09-27,Pending,42354,
CD-046-3793,PRJ-046,Civil Defense NOC,CD-138515,2023-07-22,2023-10-20,2026-10-19,Pending,11204,
ENV-046-9813,PRJ-046,Environmental Permit,ENV-696337,2023-10-07,2023-11-19,2026-11-18,Pending,23735,
ETIS-046-5729,PRJ-046,Etisalat NOC,ETIS-317523,2023-11-03,2023-12-24,2026-12-23,Renewal Required,37150,
CRANE-046-5406,PRJ-046,Crane Permit,CRANE-195166,2023-08-08,2023-10-09,2024-10-08,Approved,15303,
CD-047-3290,PRJ-047,Civil Defense NOC,CD-589943,2024-02-17,2024-04-24,2026-04-24,Approved,37947,
DM-BP-047-7191,PRJ-047,Dubai Municipality - Building Permit,DM-BP-790282,2024-04-17,2024-06-23,2025-06-23,Approved,46959,
DM-NOC-047-2713,PRJ-047,Dubai Municipality - NOC,DM-NOC-760049,2023-12-28,2024-02-18,2025-02-17,Approved,28617,
CRANE-047-8790,PRJ-047,Crane Permit,CRANE-450971,2024-02-14,2024-04-05,2027-04-05,Approved,13262,
ETIS-047-6865,PRJ-047,Etisalat NOC,ETIS-421153,2024-01-22,2024-03-02,2026-03-02,Renewal Required,13200,
TRK-047-1356,PRJ-047,Trakhees Permit,TRK-560333,2023-10-30,2024-01-19,2027-01-18,Pending,39900,
RTA-047-8126,PRJ-047,RTA Access Permit,RTA-866461,2024-01-25,2024-03-20,2026-03-20,Approved,17552,
CRANE-048-1657,PRJ-048,Crane Permit,CRANE-345684,2022-10-24,2023-01-10,2026-01-09,Approved,28589,
ETIS-048-7977,PRJ-048,Etisalat NOC,ETIS-911673,2022-11-14,2022-12-31,2025-12-30,Pending,39867,
TRK-048-1467,PRJ-048,Trakhees Permit,TRK-271993,2022-10-03,2022-12-04,2023-12-04,Approved,40115,
ENV-048-9586,PRJ-048,Environmental Permit,ENV-308102,2022-04-26,2022-07-25,2025-07-24,Approved,9512,
RTA-048-6458,PRJ-048,RTA Access Permit,RTA-926874,2022-09-21,2022-10-24,2023-10-24,Approved,10270,
DEWA-048-6670,PRJ-048,DEWA Connection,DEWA-580995,2022-09-12,2022-11-06,2023-11-06,Pending,1055,
RTA-049-4024,PRJ-049,RTA Access Permit,RTA-347656,2024-09-20,2024-12-13,2025-12-13,Pending,6909,
DEWA-049-5009,PRJ-049,DEWA Connection,DEWA-261625,2024-07-19,2024-09-30,2027-09-30,Approved,1324,
CD-049-8820,PRJ-049,Civil Defense NOC,CD-267069,2024-10-03,2024-11-24,2025-11-24,Pending,37033,
ENV-049-7456,PRJ-049,Environmental Permit,ENV-832723,2024-08-28,2024-10-10,2026-10-10,Pending,31374,
DM-BP-049-4977,PRJ-049,Dubai Municipality - Building Permit,DM-BP-900122,2024-08-04,2024-10-31,2025-10-31,Pending,9421,
DEWA-050-7452,PRJ-050,DEWA Connection,DEWA-660060,2021-09-21,2021-10-25,2023-10-25,Pending,44901,
DDA-050-1440,PRJ-050,DDA Approval,DDA-332463,2021-04-30,2021-07-25,2024-07-24,Approved,16411,
ETIS-050-7047,PRJ-050,Etisalat NOC,ETIS-479878,2021-05-30,2021-07-20,2024-07-19,Approved,41014,
CRANE-050-7523,PRJ-050,Crane Permit,CRANE-181023,2021-09-11,2021-11-21,2022-11-21,Approved,33764,
TRK-050-4079,PRJ-050,Trakhees Permit,TRK-146397,2021-08-10,2021-09-22,2023-09-22,Pending,7085,
RTA-050-6563,PRJ-050,RTA Access Permit,RTA-502722,2021-05-20,2021-07-30,2022-07-30,Pending,10879,
CD-051-3941,PRJ-051,Civil Defense NOC,CD-271487,2020-10-19,2020-12-13,2023-12-13,Renewal Required,7975,
DDA-051-8617,PRJ-051,DDA Approval,DDA-945392,2020-11-17,2020-12-22,2022-12-22,Approved,43983,
TRK-051-7626,PRJ-051,Trakhees Permit,TRK-942583,2021-01-25,2021-04-16,2022-04-16,Approved,21907,
DM-BP-051-3109,PRJ-051,Dubai Municipality - Building Permit,DM-BP-702597,2020-10-17,2020-12-18,2022-12-18,Pending,1759,
DEWA-051-8964,PRJ-051,DEWA Connection,DEWA-785577,2020-09-24,2020-12-05,2022-12-05,Pending,4572,
RTA-051-5963,PRJ-051,RTA Access Permit,RTA-545625,2020-10-04,2020-11-19,2023-11-19,Approved,40559,
ENV-052-2829,PRJ-052,Environmental Permit,ENV-923650,2020-06-21,2020-08-01,2022-08-01,Renewal Required,26131,
ETIS-052-2310,PRJ-052,Etisalat NOC,ETIS-257692,2020-04-26,2020-05-26,2022-05-26,Renewal Required,17897,
TRK-052-4237,PRJ-052,Trakhees Permit,TRK-639907,2020-06-30,2020-09-20,2023-09-20,Pending,29500,
CRANE-052-1795,PRJ-052,Crane Permit,CRANE-587339,2020-06-16,2020-08-03,2021-08-03,Approved,33087,
DEWA-052-8540,PRJ-052,DEWA Connection,DEWA-484936,2020-05-17,2020-06-19,2023-06-19,Approved,17536,
CD-052-7974,PRJ-052,Civil Defense NOC,CD-453854,2020-08-05,2020-10-17,2022-10-17,Approved,36569,
DDA-052-5378,PRJ-052,DDA Approval,DDA-287410,2020-07-23,2020-09-09,2022-09-09,Pending,2148,
ETIS-053-9704,PRJ-053,Etisalat NOC,ETIS-874562,2021-07-17,2021-09-10,2022-09-10,Approved,6508,
CD-053-9765,PRJ-053,Civil Defense NOC,CD-199166,2021-12-14,2022-01-21,2025-01-20,Approved,42479,
DM-BP-053-9084,PRJ-053,Dubai Municipality - Building Permit,DM-BP-552041,2021-09-10,2021-12-06,2023-12-06,Approved,31017,
ENV-053-4999,PRJ-053,Environmental Permit,ENV-965674,2021-07-07,2021-10-02,2024-10-01,Renewal Required,38294,
TRK-053-8510,PRJ-053,Trakhees Permit,TRK-142615,2021-09-10,2021-10-14,2023-10-14,Approved,3509,
DEWA-053-3404,PRJ-053,DEWA Connection,DEWA-738953,2021-11-21,2022-02-05,2025-02-04,Approved,26029,
CRANE-053-9398,PRJ-053,Crane Permit,CRANE-860636,2021-11-27,2022-01-01,2024-01-01,Approved,28690,
DM-BP-054-2907,PRJ-054,Dubai Municipality - Building Permit,DM-BP-932196,2021-12-05,2022-01-16,2025-01-15,Approved,20870,
DEWA-054-9422,PRJ-054,DEWA Connection,DEWA-665347,2021-10-03,2021-12-26,2022-12-26,Approved,25525,
CD-054-8748,PRJ-054,Civil Defense NOC,CD-325663,2021-05-19,2021-08-05,2023-08-05,Approved,49946,
ETIS-054-4042,PRJ-054,Etisalat NOC,ETIS-390302,2021-06-07,2021-08-08,2024-08-07,Approved,40624,
DDA-054-7531,PRJ-054,DDA Approval,DDA-290065,2021-07-25,2021-10-06,2023-10-06,Approved,1331,
CRANE-054-7671,PRJ-054,Crane Permit,CRANE-317198,2021-10-08,2021-11-08,2023-11-08,Approved,19007,
RTA-054-5375,PRJ-054,RTA Access Permit,RTA-584904,2021-08-01,2021-10-08,2024-10-07,Approved,7366,
RTA-055-5715,PRJ-055,RTA Access Permit,RTA-863535,2021-11-11,2022-01-25,2025-01-24,Pending,39529,
DM-BP-055-7893,PRJ-055,Dubai Municipality - Building Permit,DM-BP-765607,2021-10-05,2021-12-12,2023-12-12,Renewal Required,26496,
ETIS-055-8792,PRJ-055,Etisalat NOC,ETIS-684745,2022-02-23,2022-03-25,2024-03-24,Approved,21948,
DM-NOC-055-6674,PRJ-055,Dubai Municipality - NOC,DM-NOC-962588,2021-10-05,2021-12-02,2022-12-02,Pending,49665,
ENV-055-9175,PRJ-055,Environmental Permit,ENV-320869,2021-11-15,2022-01-18,2025-01-17,Approved,45104,
CD-056-6657,PRJ-056,Civil Defense NOC,CD-187128,2024-03-03,2024-04-15,2027-04-15,Renewal Required,25195,
DDA-056-5981,PRJ-056,DDA Approval,DDA-405998,2024-04-27,2024-07-14,2026-07-14,Pending,45204,
DM-BP-056-8657,PRJ-056,Dubai Municipality - Building Permit,DM-BP-131000,2024-05-27,2024-07-05,2027-07-05,Renewal Required,11927,
ETIS-056-6761,PRJ-056,Etisalat NOC,ETIS-692332,2023-11-24,2024-01-20,2026-01-19,Approved,19604,
CRANE-056-9040,PRJ-056,Crane Permit,CRANE-346120,2024-04-25,2024-06-18,2027-06-18,Approved,25800,
TRK-056-3023,PRJ-056,Trakhees Permit,TRK-201690,2024-04-08,2024-06-02,2025-06-02,Approved,8250,
RTA-056-5740,PRJ-056,RTA Access Permit,RTA-287299,2024-02-22,2024-05-17,2025-05-17,Pending,37049,
ETIS-057-2730,PRJ-057,Etisalat NOC,ETIS-796500,2020-01-22,2020-04-17,2023-04-17,Approved,33919,
RTA-057-9775,PRJ-057,RTA Access Permit,RTA-658375,2020-02-09,2020-04-04,2021-04-04,Pending,33429,
DDA-057-8600,PRJ-057,DDA Approval,DDA-400189,2020-03-03,2020-05-24,2022-05-24,Approved,12640,
CD-057-7554,PRJ-057,Civil Defense NOC,CD-402417,2020-02-14,2020-03-15,2023-03-15,Approved,31410,
DEWA-057-3822,PRJ-057,DEWA Connection,DEWA-816546,2019-10-19,2020-01-15,2021-01-14,Pending,39021,
CRANE-057-7850,PRJ-057,Crane Permit,CRANE-538587,2020-01-18,2020-03-14,2021-03-14,Approved,41558,
TRK-057-4673,PRJ-057,Trakhees Permit,TRK-245303,2019-11-15,2020-01-23,2023-01-22,Renewal Required,6276,
CRANE-058-8731,PRJ-058,Crane Permit,CRANE-817606,2021-05-09,2021-06-13,2023-06-13,Approved,49690,
DDA-058-7378,PRJ-058,DDA Approval,DDA-678874,2021-07-03,2021-09-03,2022-09-03,Approved,31000,
DM-BP-058-7046,PRJ-058,Dubai Municipality - Building Permit,DM-BP-858183,2021-06-14,2021-09-07,2022-09-07,Approved,31944,
DEWA-058-4273,PRJ-058,DEWA Connection,DEWA-438400,2021-07-30,2021-09-06,2023-09-06,Approved,3024,
CD-058-4391,PRJ-058,Civil Defense NOC,CD-705659,2021-08-12,2021-10-10,2023-10-10,Approved,45805,
DM-NOC-058-8268,PRJ-058,Dubai Municipality - NOC,DM-NOC-353633,2021-03-16,2021-06-04,2022-06-04,Pending,33782,
ETIS-058-2821,PRJ-058,Etisalat NOC,ETIS-942726,2021-09-04,2021-11-11,2023-11-11,Approved,17047,
ENV-058-8572,PRJ-058,Environmental Permit,ENV-857120,2021-05-02,2021-06-05,2022-06-05,Approved,45697,
ENV-059-9751,PRJ-059,Environmental Permit,ENV-849484,2024-08-13,2024-09-13,2026-09-13,Pending,48581,
TRK-059-1979,PRJ-059,Trakhees Permit,TRK-407194,2024-08-05,2024-10-25,2026-10-25,Approved,24814,
DDA-059-7544,PRJ-059,DDA Approval,DDA-851435,2024-03-18,2024-06-15,2027-06-15,Pending,29087,
DM-BP-059-3032,PRJ-059,Dubai Municipality - Building Permit,DM-BP-208656,2024-09-17,2024-10-26,2026-10-26,Renewal Required,8325,
RTA-059-3768,PRJ-059,RTA Access Permit,RTA-484265,2024-05-26,2024-07-21,2027-07-21,Approved,10302,
DEWA-059-4982,PRJ-059,DEWA Connection,DEWA-934197,2024-09-12,2024-11-11,2025-11-11,Approved,7365,
CRANE-059-6407,PRJ-059,Crane Permit,CRANE-773223,2024-06-26,2024-09-08,2025-09-08,Pending,47470,
RTA-060-8378,PRJ-060,RTA Access Permit,RTA-833543,2023-02-24,2023-04-11,2026-04-10,Approved,39956,
CD-060-1585,PRJ-060,Civil Defense NOC,CD-898304,2022-11-20,2022-12-28,2023-12-28,Renewal Required,19902,
ETIS-060-1425,PRJ-060,Etisalat NOC,ETIS-331757,2023-01-15,2023-04-11,2025-04-10,Renewal Required,24771,
DEWA-060-5771,PRJ-060,DEWA Connection,DEWA-421559,2022-10-12,2023-01-10,2026-01-09,Approved,38200,
TRK-060-5992,PRJ-060,Trakhees Permit,TRK-598372,2022-09-29,2022-12-13,2024-12-12,Approved,11121,
CRANE-060-3106,PRJ-060,Crane Permit,CRANE-253643,2022-10-29,2023-01-05,2025-01-04,Pending,17862,
DDA-060-4734,PRJ-060,DDA Approval,DDA-129365,2022-12-05,2023-02-27,2024-02-27,Renewal Required,20854,
CRANE-061-9332,PRJ-061,Crane Permit,CRANE-881668,2022-07-20,2022-10-13,2025-10-12,Pending,32258,
DM-BP-061-3791,PRJ-061,Dubai Municipality - Building Permit,DM-BP-460934,2022-08-20,2022-10-30,2023-10-30,Renewal Required,33839,
CD-061-6149,PRJ-061,Civil Defense NOC,CD-648759,2022-09-14,2022-11-06,2024-11-05,Pending,43492,
DEWA-061-3770,PRJ-061,DEWA Connection,DEWA-650750,2022-08-11,2022-10-10,2023-10-10,Pending,25895,
ETIS-061-1233,PRJ-061,Etisalat NOC,ETIS-801229,2022-04-19,2022-07-18,2023-07-18,Approved,15734,
RTA-062-4226,PRJ-062,RTA Access Permit,RTA-473818,2020-11-27,2021-01-27,2023-01-27,Renewal Required,42853,
CRANE-062-1199,PRJ-062,Crane Permit,CRANE-980779,2020-12-01,2021-02-16,2024-02-16,Approved,49586,
DEWA-062-4318,PRJ-062,DEWA Connection,DEWA-481220,2020-12-31,2021-03-13,2022-03-13,Pending,42051,
TRK-062-2619,PRJ-062,Trakhees Permit,TRK-445521,2020-11-20,2021-01-21,2022-01-21,Approved,37260,
CD-062-9761,PRJ-062,Civil Defense NOC,CD-987730,2021-02-06,2021-04-24,2024-04-23,Approved,4668,
DM-BP-062-8317,PRJ-062,Dubai Municipality - Building Permit,DM-BP-694230,2021-02-18,2021-04-22,2022-04-22,Approved,17781,
RTA-063-5354,PRJ-063,RTA Access Permit,RTA-678788,2021-03-28,2021-05-14,2022-05-14,Approved,49059,
CRANE-063-2043,PRJ-063,Crane Permit,CRANE-238987,2021-03-14,2021-05-16,2023-05-16,Approved,14613,
TRK-063-4728,PRJ-063,Trakhees Permit,TRK-355790,2021-01-13,2021-03-21,2024-03-20,Pending,31426,
DM-NOC-063-2610,PRJ-063,Dubai Municipality - NOC,DM-NOC-663015,2020-10-15,2021-01-09,2022-01-09,Approved,42543,
DM-BP-063-2196,PRJ-063,Dubai Municipality - Building Permit,DM-BP-305967,2021-01-18,2021-03-19,2022-03-19,Pending,6464,
RTA-064-8041,PRJ-064,RTA Access Permit,RTA-216941,2021-10-12,2021-12-27,2023-12-27,Approved,39596,
DM-NOC-064-8475,PRJ-064,Dubai Municipality - NOC,DM-NOC-100519,2021-11-09,2021-12-25,2023-12-25,Renewal Required,18743,
CRANE-064-9070,PRJ-064,Crane Permit,CRANE-761785,2021-07-31,2021-09-10,2023-09-10,Renewal Required,32672,
CD-064-9424,PRJ-064,Civil Defense NOC,CD-397539,2021-08-21,2021-11-19,2024-11-18,Approved,18314,
TRK-064-9719,PRJ-064,Trakhees Permit,TRK-361118,2021-07-03,2021-08-23,2023-08-23,Renewal Required,33968,
DEWA-064-6059,PRJ-064,DEWA Connection,DEWA-756326,2021-05-20,2021-07-17,2022-07-17,Approved,32954,
DM-BP-064-1106,PRJ-064,Dubai Municipality - Building Permit,DM-BP-434713,2021-09-03,2021-11-29,2024-11-28,Pending,33491,
DEWA-065-2549,PRJ-065,DEWA Connection,DEWA-564727,2024-08-28,2024-10-18,2027-10-18,Renewal Required,12970,
DM-NOC-065-4171,PRJ-065,Dubai Municipality - NOC,DM-NOC-916622,2024-12-07,2025-01-12,2026-01-12,Approved,21132,
DDA-065-9221,PRJ-065,DDA Approval,DDA-420218,2024-07-20,2024-09-08,2027-09-08,Pending,7744,
ETIS-065-5916,PRJ-065,Etisalat NOC,ETIS-739135,2024-11-26,2025-01-08,2028-01-08,Approved,22218,
CRANE-065-3562,PRJ-065,Crane Permit,CRANE-301225,2024-07-11,2024-09-28,2026-09-28,Approved,11350,
DEWA-066-5306,PRJ-066,DEWA Connection,DEWA-594908,2021-12-23,2022-03-22,2024-03-21,Approved,10501,
ETIS-066-6017,PRJ-066,Etisalat NOC,ETIS-449933,2022-03-08,2022-05-23,2024-05-22,Approved,30472,
TRK-066-6046,PRJ-066,Trakhees Permit,TRK-545957,2022-06-19,2022-08-24,2024-08-23,Pending,1371,
ENV-066-7620,PRJ-066,Environmental Permit,ENV-157994,2022-06-25,2022-08-20,2024-08-19,Approved,30942,
CD-066-5492,PRJ-066,Civil Defense NOC,CD-120425,2022-02-23,2022-05-16,2025-05-15,Approved,14671,
RTA-066-5193,PRJ-066,RTA Access Permit,RTA-409116,2022-02-24,2022-05-18,2024-05-17,Approved,22092,
CRANE-066-8004,PRJ-066,Crane Permit,CRANE-929339,2022-03-19,2022-05-12,2024-05-11,Renewal Required,37698,
DM-BP-066-4267,PRJ-066,Dubai Municipality - Building Permit,DM-BP-936212,2022-07-17,2022-08-29,2025-08-28,Renewal Required,29842,
DM-NOC-067-8698,PRJ-067,Dubai Municipality - NOC,DM-NOC-148234,2022-08-08,2022-10-26,2025-10-25,Pending,46075,
CRANE-067-8979,PRJ-067,Crane Permit,CRANE-361982,2022-11-19,2023-01-05,2026-01-04,Renewal Required,25577,
RTA-067-1971,PRJ-067,RTA Access Permit,RTA-206367,2022-11-02,2022-12-05,2025-12-04,Approved,19090,
ENV-067-9812,PRJ-067,Environmental Permit,ENV-487395,2022-10-05,2022-12-02,2024-12-01,Approved,31922,
DEWA-067-3200,PRJ-067,DEWA Connection,DEWA-886249,2022-07-08,2022-08-11,2024-08-10,Pending,10946,
TRK-067-3464,PRJ-067,Trakhees Permit,TRK-718458,2022-11-19,2023-01-07,2026-01-06,Approved,37820,
TRK-068-9955,PRJ-068,Trakhees Permit,TRK-899840,2024-06-17,2024-08-28,2026-08-28,Renewal Required,35801,
RTA-068-5774,PRJ-068,RTA Access Permit,RTA-823066,2024-07-10,2024-08-10,2025-08-10,Approved,46826,
ETIS-068-6143,PRJ-068,Etisalat NOC,ETIS-994889,2024-07-20,2024-09-11,2026-09-11,Approved,13067,
CD-068-6263,PRJ-068,Civil Defense NOC,CD-591075,2024-10-23,2024-12-06,2026-12-06,Approved,22824,
CD-069-7730,PRJ-069,Civil Defense NOC,CD-548088,2019-10-31,2019-12-25,2021-12-24,Approved,35629,
CRANE-069-1987,PRJ-069,Crane Permit,CRANE-637145,2020-01-05,2020-02-27,2021-02-26,Renewal Required,29652,
DM-BP-069-1525,PRJ-069,Dubai Municipality - Building Permit,DM-BP-628704,2019-12-14,2020-03-08,2022-03-08,Renewal Required,33244,
DM-NOC-069-5630,PRJ-069,Dubai Municipality - NOC,DM-NOC-702737,2019-10-11,2019-12-01,2022-11-30,Approved,49131,
TRK-069-2237,PRJ-069,Trakhees Permit,TRK-692767,2019-10-17,2019-11-21,2022-11-20,Approved,35849,
ENV-070-4127,PRJ-070,Environmental Permit,ENV-888432,2022-10-16,2022-11-19,2025-11-18,Pending,19144,
DM-NOC-070-8630,PRJ-070,Dubai Municipality - NOC,DM-NOC-573210,2022-06-25,2022-09-19,2025-09-18,Approved,43627,
TRK-070-6413,PRJ-070,Trakhees Permit,TRK-176573,2022-09-15,2022-10-26,2025-10-25,Renewal Required,23269,
CD-070-8439,PRJ-070,Civil Defense NOC,CD-653348,2022-08-16,2022-11-03,2025-11-02,Pending,2407,
ETIS-070-7577,PRJ-070,Etisalat NOC,ETIS-702656,2022-05-31,2022-07-18,2023-07-18,Renewal Required,26555,
DM-BP-071-3465,PRJ-071,Dubai Municipality - Building Permit,DM-BP-371426,2024-03-15,2024-06-07,2025-06-07,Renewal Required,45206,
RTA-071-6351,PRJ-071,RTA Access Permit,RTA-658224,2024-05-28,2024-07-26,2027-07-26,Approved,38646,
ETIS-071-6810,PRJ-071,Etisalat NOC,ETIS-849631,2024-03-19,2024-06-12,2027-06-12,Approved,13376,
ENV-071-3429,PRJ-071,Environmental Permit,ENV-316157,2024-09-07,2024-10-26,2025-10-26,Approved,2718,
CRANE-072-4770,PRJ-072,Crane Permit,CRANE-790138,2024-08-14,2024-09-26,2025-09-26,Approved,11701,
DM-BP-072-7951,PRJ-072,Dubai Municipality - Building Permit,DM-BP-384245,2024-05-25,2024-07-08,2025-07-08,Approved,2788,
DEWA-072-3249,PRJ-072,DEWA Connection,DEWA-560996,2024-08-04,2024-09-10,2026-09-10,Approved,30094,
CD-072-4417,PRJ-072,Civil Defense NOC,CD-498895,2024-06-20,2024-07-23,2026-07-23,Pending,27160,
TRK-072-4254,PRJ-072,Trakhees Permit,TRK-315621,2024-06-27,2024-09-14,2026-09-14,Renewal Required,9169,
ENV-072-2521,PRJ-072,Environmental Permit,ENV-283602,2024-05-28,2024-07-29,2027-07-29,Renewal Required,8975,
ETIS-072-3668,PRJ-072,Etisalat NOC,ETIS-893359,2024-08-23,2024-10-05,2025-10-05,Pending,49538,
DM-NOC-072-6871,PRJ-072,Dubai Municipality - NOC,DM-NOC-886099,2024-05-12,2024-07-01,2026-07-01,Approved,14784,
ENV-073-9335,PRJ-073,Environmental Permit,ENV-217432,2020-11-26,2021-02-24,2023-02-24,Approved,1475,
ETIS-073-7226,PRJ-073,Etisalat NOC,ETIS-942438,2020-08-03,2020-09-28,2022-09-28,Approved,24244,
TRK-073-6904,PRJ-073,Trakhees Permit,TRK-425039,2020-10-05,2020-12-27,2021-12-27,Pending,43729,
DEWA-073-5926,PRJ-073,DEWA Connection,DEWA-340500,2020-12-06,2021-02-18,2022-02-18,Pending,31891,
CD-074-5079,PRJ-074,Civil Defense NOC,CD-285973,2024-03-13,2024-05-18,2025-05-18,Approved,34988,
ETIS-074-3551,PRJ-074,Etisalat NOC,ETIS-247031,2024-02-16,2024-04-30,2026-04-30,Approved,5009,
DM-BP-074-4437,PRJ-074,Dubai Municipality - Building Permit,DM-BP-875788,2024-04-06,2024-06-17,2026-06-17,Approved,41472,
DM-NOC-074-7797,PRJ-074,Dubai Municipality - NOC,DM-NOC-963240,2024-07-24,2024-09-02,2026-09-02,Approved,12445,
DEWA-075-6014,PRJ-075,DEWA Connection,DEWA-523262,2021-03-08,2021-05-17,2023-05-17,Approved,41757,
CRANE-075-6260,PRJ-075,Crane Permit,CRANE-129861,2021-02-06,2021-04-27,2022-04-27,Approved,2867,
ETIS-075-8708,PRJ-075,Etisalat NOC,ETIS-135885,2020-12-19,2021-03-06,2022-03-06,Pending,4047,
DM-BP-075-9838,PRJ-075,Dubai Municipality - Building Permit,DM-BP-495351,2021-04-22,2021-07-09,2024-07-08,Renewal Required,12124,
DM-NOC-075-3591,PRJ-075,Dubai Municipality - NOC,DM-NOC-204978,2021-06-23,2021-07-23,2023-07-23,Approved,7037,
DDA-075-7879,PRJ-075,DDA Approval,DDA-169547,2021-04-13,2021-05-20,2023-05-20,Pending,28202,
RTA-075-9793,PRJ-075,RTA Access Permit,RTA-561809,2021-06-20,2021-07-28,2024-07-27,Approved,21409,
CD-075-8802,PRJ-075,Civil Defense NOC,CD-592292,2021-03-03,2021-05-29,2023-05-29,Approved,22160,
ETIS-076-4593,PRJ-076,Etisalat NOC,ETIS-639737,2023-08-09,2023-09-16,2024-09-15,Approved,44201,
DM-NOC-076-2346,PRJ-076,Dubai Municipality - NOC,DM-NOC-879286,2023-09-08,2023-10-14,2026-10-13,Pending,19500,
TRK-076-2724,PRJ-076,Trakhees Permit,TRK-361912,2023-09-04,2023-10-18,2025-10-17,Approved,48843,
RTA-076-5933,PRJ-076,RTA Access Permit,RTA-444589,2023-12-14,2024-02-27,2026-02-26,Renewal Required,35073,
CRANE-076-9468,PRJ-076,Crane Permit,CRANE-705203,2023-11-25,2024-02-19,2026-02-18,Approved,22492,
CD-076-7914,PRJ-076,Civil Defense NOC,CD-492975,2023-08-08,2023-10-19,2024-10-18,Renewal Required,49261,
ENV-076-1560,PRJ-076,Environmental Permit,ENV-884267,2023-11-25,2024-02-20,2026-02-19,Approved,13969,
DM-BP-076-3984,PRJ-076,Dubai Municipality - Building Permit,DM-BP-115017,2023-08-14,2023-09-22,2026-09-21,Approved,16586,
DDA-077-8927,PRJ-077,DDA Approval,DDA-999343,2024-02-09,2024-04-01,2025-04-01,Renewal Required,27585,
ETIS-077-8407,PRJ-077,Etisalat NOC,ETIS-325272,2023-12-22,2024-02-19,2027-02-18,Approved,36774,
DM-BP-077-8206,PRJ-077,Dubai Municipality - Building Permit,DM-BP-223542,2024-02-24,2024-05-11,2026-05-11,Renewal Required,23108,
CD-077-6525,PRJ-077,Civil Defense NOC,CD-295370,2024-01-07,2024-02-22,2026-02-21,Pending,36972,
RTA-077-8476,PRJ-077,RTA Access Permit,RTA-795466,2024-07-04,2024-08-09,2027-08-09,Approved,35017,
DM-NOC-078-3068,PRJ-078,Dubai Municipality - NOC,DM-NOC-199178,2022-03-16,2022-04-29,2024-04-28,Approved,8882,
ETIS-078-5844,PRJ-078,Etisalat NOC,ETIS-232434,2022-04-11,2022-07-05,2024-07-04,Approved,30659,
DDA-078-8146,PRJ-078,DDA Approval,DDA-680175,2021-12-29,2022-03-29,2023-03-29,Renewal Required,12967,
ENV-078-7513,PRJ-078,Environmental Permit,ENV-959860,2022-01-13,2022-04-13,2025-04-12,Approved,10287,
DM-BP-078-4634,PRJ-078,Dubai Municipality - Building Permit,DM-BP-913602,2022-03-31,2022-05-01,2023-05-01,Approved,35444,
CD-078-3486,PRJ-078,Civil Defense NOC,CD-690225,2022-05-04,2022-07-28,2025-07-27,Renewal Required,4079,
ETIS-079-2640,PRJ-079,Etisalat NOC,ETIS-813447,2021-02-19,2021-03-31,2024-03-30,Renewal Required,15828,
ENV-079-3491,PRJ-079,Environmental Permit,ENV-667092,2021-01-08,2021-04-08,2024-04-07,Pending,14251,
RTA-079-5561,PRJ-079,RTA Access Permit,RTA-151288,2020-12-18,2021-03-18,2023-03-18,Approved,26544,
CRANE-079-9548,PRJ-079,Crane Permit,CRANE-541727,2021-02-05,2021-05-03,2023-05-03,Pending,22097,
CD-079-3230,PRJ-079,Civil Defense NOC,CD-856597,2021-03-30,2021-06-28,2023-06-28,Approved,5906,
DM-NOC-079-5117,PRJ-079,Dubai Municipality - NOC,DM-NOC-842749,2020-11-20,2021-01-24,2024-01-24,Approved,14680,
DEWA-079-2094,PRJ-079,DEWA Connection,DEWA-162099,2021-02-23,2021-05-12,2023-05-12,Approved,10423,
DM-BP-079-8879,PRJ-079,Dubai Municipality - Building Permit,DM-BP-962392,2020-11-26,2021-01-05,2022-01-05,Pending,11449,
DDA-080-5525,PRJ-080,DDA Approval,DDA-247262,2023-07-26,2023-10-21,2025-10-20,Approved,48577,
RTA-080-3487,PRJ-080,RTA Access Permit,RTA-315829,2023-09-19,2023-11-16,2024-11-15,Approved,22461,
ENV-080-1176,PRJ-080,Environmental Permit,ENV-767687,2023-11-01,2023-12-08,2026-12-07,Approved,35356,
CRANE-080-2681,PRJ-080,Crane Permit,CRANE-909142,2023-10-20,2023-12-29,2026-12-28,Pending,16216,
DEWA-080-8180,PRJ-080,DEWA Connection,DEWA-413337,2023-09-09,2023-11-30,2024-11-29,Renewal Required,49687,
DM-BP-080-8444,PRJ-080,Dubai Municipality - Building Permit,DM-BP-261141,2023-09-05,2023-10-09,2026-10-08,Approved,18832,
DM-NOC-080-1671,PRJ-080,Dubai Municipality - NOC,DM-NOC-500033,2023-11-30,2024-02-21,2026-02-20,Approved,42084,
DDA-081-2451,PRJ-081,DDA Approval,DDA-867305,2019-11-23,2020-01-30,2023-01-29,Approved,16813,
DEWA-081-9102,PRJ-081,DEWA Connection,DEWA-977353,2019-12-08,2020-02-20,2022-02-19,Pending,4712,
TRK-081-2723,PRJ-081,Trakhees Permit,TRK-907346,2019-12-29,2020-02-14,2023-02-13,Approved,17493,
CRANE-081-9320,PRJ-081,Crane Permit,CRANE-444802,2019-11-10,2020-01-05,2023-01-04,Approved,24374,
ENV-081-2361,PRJ-081,Environmental Permit,ENV-113554,2019-11-29,2020-01-04,2023-01-03,Pending,16908,
DM-NOC-081-9109,PRJ-081,Dubai Municipality - NOC,DM-NOC-332142,2019-09-24,2019-11-30,2021-11-29,Approved,7813,
DM-BP-081-8993,PRJ-081,Dubai Municipality - Building Permit,DM-BP-687905,2020-02-01,2020-04-09,2023-04-09,Pending,40755,
DDA-082-4909,PRJ-082,DDA Approval,DDA-478222,2020-07-25,2020-09-30,2023-09-30,Renewal Required,28645,
DM-BP-082-7451,PRJ-082,Dubai Municipality - Building Permit,DM-BP-853180,2020-03-14,2020-05-30,2021-05-30,Approved,43407,
DM-NOC-082-8212,PRJ-082,Dubai Municipality - NOC,DM-NOC-993631,2020-07-05,2020-09-02,2023-09-02,Renewal Required,3442,
CD-082-7532,PRJ-082,Civil Defense NOC,CD-952660,2020-06-29,2020-09-18,2023-09-18,Pending,44848,
ETIS-082-1420,PRJ-082,Etisalat NOC,ETIS-326533,2020-06-16,2020-08-21,2021-08-21,Approved,42321,
ENV-082-6389,PRJ-082,Environmental Permit,ENV-203603,2020-03-10,2020-04-27,2022-04-27,Approved,48779,
CRANE-082-8481,PRJ-082,Crane Permit,CRANE-990691,2020-03-09,2020-06-04,2022-06-04,Approved,45761,
RTA-082-6636,PRJ-082,RTA Access Permit,RTA-469495,2020-03-01,2020-04-15,2022-04-15,Pending,4132,
TRK-083-6273,PRJ-083,Trakhees Permit,TRK-876685,2020-01-15,2020-03-10,2022-03-10,Approved,33757,
CD-083-2456,PRJ-083,Civil Defense NOC,CD-449976,2019-11-13,2020-01-04,2023-01-03,Renewal Required,49487,
DEWA-083-4728,PRJ-083,DEWA Connection,DEWA-431910,2019-11-04,2020-01-26,2022-01-25,Approved,48313,
DM-NOC-083-2481,PRJ-083,Dubai Municipality - NOC,DM-NOC-770513,2020-04-14,2020-06-08,2022-06-08,Renewal Required,33584,
ENV-083-4050,PRJ-083,Environmental Permit,ENV-893315,2020-02-21,2020-04-15,2021-04-15,Approved,47359,
ETIS-083-8953,PRJ-083,Etisalat NOC,ETIS-467624,2020-04-04,2020-05-25,2022-05-25,Approved,11434,
ETIS-084-6087,PRJ-084,Etisalat NOC,ETIS-630704,2021-05-24,2021-08-06,2024-08-05,Renewal Required,20412,
DM-BP-084-9818,PRJ-084,Dubai Municipality - Building Permit,DM-BP-286550,2021-10-15,2021-12-09,2024-12-08,Approved,14016,
DM-NOC-084-2529,PRJ-084,Dubai Municipality - NOC,DM-NOC-194940,2021-05-24,2021-08-07,2024-08-06,Pending,18260,
TRK-084-3388,PRJ-084,Trakhees Permit,TRK-850663,2021-09-08,2021-10-29,2024-10-28,Approved,27001,
CD-084-3179,PRJ-084,Civil Defense NOC,CD-503953,2021-07-03,2021-08-08,2024-08-07,Approved,41201,
DM-NOC-085-5485,PRJ-085,Dubai Municipality - NOC,DM-NOC-127639,2024-10-25,2024-12-25,2025-12-25,Approved,17079,
ETIS-085-4700,PRJ-085,Etisalat NOC,ETIS-561746,2024-07-16,2024-09-25,2025-09-25,Approved,1813,
RTA-085-5862,PRJ-085,RTA Access Permit,RTA-355517,2024-09-06,2024-10-07,2027-10-07,Pending,29767,
TRK-085-7791,PRJ-085,Trakhees Permit,TRK-683346,2024-10-16,2024-12-20,2027-12-20,Approved,28022,
DM-BP-085-4048,PRJ-085,Dubai Municipality - Building Permit,DM-BP-989092,2024-09-01,2024-11-03,2027-11-03,Pending,42107,
CRANE-085-7342,PRJ-085,Crane Permit,CRANE-883068,2024-10-08,2024-11-23,2027-11-23,Approved,18272,
CD-085-8066,PRJ-085,Civil Defense NOC,CD-488212,2024-06-27,2024-08-19,2025-08-19,Approved,36413,
DEWA-085-6850,PRJ-085,DEWA Connection,DEWA-180782,2024-11-17,2025-01-30,2026-01-30,Approved,47034,
ENV-086-8794,PRJ-086,Environmental Permit,ENV-661365,2021-08-23,2021-10-12,2022-10-12,Renewal Required,15930,
DEWA-086-6707,PRJ-086,DEWA Connection,DEWA-852420,2021-07-28,2021-10-10,2024-10-09,Renewal Required,15677,
DM-NOC-086-8623,PRJ-086,Dubai Municipality - NOC,DM-NOC-382206,2021-07-19,2021-09-23,2022-09-23,Pending,41554,
DDA-086-8174,PRJ-086,DDA Approval,DDA-621281,2021-03-09,2021-05-15,2023-05-15,Approved,12229,
CD-086-1362,PRJ-086,Civil Defense NOC,CD-687159,2021-06-17,2021-08-14,2024-08-13,Approved,23780,
DEWA-087-1451,PRJ-087,DEWA Connection,DEWA-848276,2019-12-21,2020-02-27,2022-02-26,Pending,47151,
DM-NOC-087-3184,PRJ-087,Dubai Municipality - NOC,DM-NOC-515494,2019-08-17,2019-09-29,2022-09-28,Pending,21304,
ETIS-087-9821,PRJ-087,Etisalat NOC,ETIS-831073,2019-10-26,2020-01-07,2022-01-06,Approved,16241,
DM-BP-087-9322,PRJ-087,Dubai Municipality - Building Permit,DM-BP-526919,2019-08-29,2019-10-07,2022-10-06,Renewal Required,21608,
TRK-087-1111,PRJ-087,Trakhees Permit,TRK-739206,2019-11-26,2019-12-29,2022-12-28,Approved,39498,
CRANE-087-2960,PRJ-087,Crane Permit,CRANE-912248,2020-01-03,2020-02-06,2023-02-05,Approved,35719,
CD-087-7778,PRJ-087,Civil Defense NOC,CD-865859,2019-07-27,2019-09-05,2022-09-04,Approved,17305,
DEWA-088-2542,PRJ-088,DEWA Connection,DEWA-523158,2023-12-03,2024-02-07,2027-02-06,Pending,27710,
CRANE-088-7247,PRJ-088,Crane Permit,CRANE-830244,2023-12-15,2024-02-13,2025-02-12,Approved,12992,
DM-BP-088-2570,PRJ-088,Dubai Municipality - Building Permit,DM-BP-426312,2024-03-01,2024-04-22,2025-04-22,Pending,17515,
ETIS-088-9186,PRJ-088,Etisalat NOC,ETIS-195142,2024-04-19,2024-05-30,2026-05-30,Pending,14146,
RTA-088-4713,PRJ-088,RTA Access Permit,RTA-468260,2023-12-14,2024-02-23,2027-02-22,Approved,23263,
TRK-088-8401,PRJ-088,Trakhees Permit,TRK-888335,2024-04-06,2024-05-12,2027-05-12,Approved,2336,
ENV-088-1997,PRJ-088,Environmental Permit,ENV-684191,2024-04-08,2024-05-11,2027-05-11,Approved,7258,
CD-088-3760,PRJ-088,Civil Defense NOC,CD-101812,2024-02-25,2024-04-28,2025-04-28,Approved,22421,
CD-089-9162,PRJ-089,Civil Defense NOC,CD-290617,2023-07-18,2023-09-20,2024-09-19,Approved,7354,
DM-BP-089-3534,PRJ-089,Dubai Municipality - Building Permit,DM-BP-728850,2023-08-27,2023-10-19,2026-10-18,Approved,29881,
ETIS-089-3908,PRJ-089,Etisalat NOC,ETIS-631972,2023-12-10,2024-01-18,2026-01-17,Approved,41768,
DDA-089-1635,PRJ-089,DDA Approval,DDA-663703,2023-07-16,2023-10-10,2024-10-09,Approved,20099,
ENV-089-2765,PRJ-089,Environmental Permit,ENV-466009,2023-10-29,2024-01-10,2025-01-09,Renewal Required,34979,
DM-NOC-089-3742,PRJ-089,Dubai Municipality - NOC,DM-NOC-204565,2023-08-04,2023-10-04,2024-10-03,Renewal Required,11174,
CRANE-089-6527,PRJ-089,Crane Permit,CRANE-576752,2023-07-29,2023-10-26,2026-10-25,Renewal Required,26483,
DM-NOC-090-4923,PRJ-090,Dubai Municipality - NOC,DM-NOC-957300,2019-06-24,2019-08-24,2020-08-23,Pending,3725,
ENV-090-6870,PRJ-090,Environmental Permit,ENV-161471,2019-05-22,2019-08-18,2021-08-17,Renewal Required,7473,
CRANE-090-9517,PRJ-090,Crane Permit,CRANE-195371,2019-07-25,2019-10-05,2022-10-04,Approved,35559,
DEWA-090-9715,PRJ-090,DEWA Connection,DEWA-647013,2019-07-10,2019-09-03,2022-09-02,Approved,19517,
TRK-090-6248,PRJ-090,Trakhees Permit,TRK-242056,2019-09-18,2019-11-15,2020-11-14,Approved,42047,
DDA-090-7984,PRJ-090,DDA Approval,DDA-523874,2019-08-20,2019-10-16,2021-10-15,Approved,33143,
ETIS-090-1390,PRJ-090,Etisalat NOC,ETIS-615101,2019-11-08,2019-12-14,2021-12-13,Renewal Required,32726,
DDA-091-2461,PRJ-091,DDA Approval,DDA-422038,2022-06-03,2022-08-29,2025-08-28,Renewal Required,36572,
CD-091-3840,PRJ-091,Civil Defense NOC,CD-772066,2022-05-27,2022-07-16,2025-07-15,Approved,36015,
TRK-091-1458,PRJ-091,Trakhees Permit,TRK-149500,2022-07-03,2022-08-21,2024-08-20,Approved,24053,
CRANE-091-9810,PRJ-091,Crane Permit,CRANE-154982,2022-02-26,2022-05-19,2025-05-18,Pending,49400,
DEWA-091-9329,PRJ-091,DEWA Connection,DEWA-649437,2022-02-06,2022-05-01,2023-05-01,Renewal Required,25302,
DM-BP-091-1732,PRJ-091,Dubai Municipality - Building Permit,DM-BP-324912,2022-07-02,2022-08-07,2024-08-06,Approved,15520,
ENV-091-6247,PRJ-091,Environmental Permit,ENV-176507,2022-06-22,2022-09-05,2023-09-05,Pending,14548,
RTA-091-1255,PRJ-091,RTA Access Permit,RTA-147431,2022-07-13,2022-10-10,2024-10-09,Approved,46179,
CD-092-6419,PRJ-092,Civil Defense NOC,CD-285658,2025-01-10,2025-03-05,2026-03-05,Approved,27342,
DM-BP-092-1733,PRJ-092,Dubai Municipality - Building Permit,DM-BP-263503,2024-10-27,2024-12-05,2027-12-05,Approved,41747,
RTA-092-5230,PRJ-092,RTA Access Permit,RTA-543380,2024-10-30,2025-01-11,2028-01-11,Approved,14426,
ETIS-092-5466,PRJ-092,Etisalat NOC,ETIS-529080,2024-11-14,2025-01-27,2026-01-27,Pending,28108,
CD-093-1684,PRJ-093,Civil Defense NOC,CD-829810,2021-04-26,2021-07-14,2023-07-14,Approved,44447,
RTA-093-4653,PRJ-093,RTA Access Permit,RTA-173950,2021-05-08,2021-07-17,2022-07-17,Approved,11415,
TRK-093-9004,PRJ-093,Trakhees Permit,TRK-169730,2021-04-03,2021-05-14,2024-05-13,Approved,11968,
DEWA-093-5202,PRJ-093,DEWA Connection,DEWA-813981,2021-03-03,2021-05-17,2024-05-16,Pending,19665,
CRANE-093-9786,PRJ-093,Crane Permit,CRANE-400353,2021-06-13,2021-07-31,2024-07-30,Approved,8110,
DM-BP-093-2956,PRJ-093,Dubai Municipality - Building Permit,DM-BP-514089,2021-01-18,2021-04-10,2022-04-10,Approved,37356,
ENV-093-9158,PRJ-093,Environmental Permit,ENV-310541,2021-05-15,2021-06-22,2024-06-21,Approved,31733,
DM-NOC-094-2104,PRJ-094,Dubai Municipality - NOC,DM-NOC-353495,2020-06-29,2020-08-25,2023-08-25,Approved,29711,
CRANE-094-3338,PRJ-094,Crane Permit,CRANE-563495,2020-08-10,2020-10-17,2021-10-17,Renewal Required,13384,
RTA-094-4447,PRJ-094,RTA Access Permit,RTA-860123,2020-08-16,2020-10-05,2021-10-05,Renewal Required,1931,
DM-BP-094-3502,PRJ-094,Dubai Municipality - Building Permit,DM-BP-457928,2020-09-21,2020-12-15,2022-12-15,Approved,23945,
TRK-094-8569,PRJ-094,Trakhees Permit,TRK-310396,2020-07-20,2020-10-15,2023-10-15,Approved,26645,
ENV-094-7226,PRJ-094,Environmental Permit,ENV-260534,2020-10-29,2021-01-27,2023-01-27,Renewal Required,5171,
DDA-094-4690,PRJ-094,DDA Approval,DDA-292899,2020-07-27,2020-10-05,2021-10-05,Approved,44123,
DM-BP-095-3639,PRJ-095,Dubai Municipality - Building Permit,DM-BP-250327,2022-05-13,2022-07-17,2024-07-16,Approved,8298,
TRK-095-2067,PRJ-095,Trakhees Permit,TRK-529836,2022-07-31,2022-10-02,2025-10-01,Approved,41539,
DM-NOC-095-3783,PRJ-095,Dubai Municipality - NOC,DM-NOC-859252,2022-07-16,2022-10-13,2024-10-12,Approved,3518,
DDA-095-3350,PRJ-095,DDA Approval,DDA-208834,2022-09-05,2022-11-17,2023-11-17,Approved,25983,
ENV-095-1056,PRJ-095,Environmental Permit,ENV-690045,2022-08-29,2022-10-01,2024-09-30,Renewal Required,8840,
CD-095-4678,PRJ-095,Civil Defense NOC,CD-899199,2022-05-16,2022-07-25,2023-07-25,Renewal Required,36755,
DEWA-095-2211,PRJ-095,DEWA Connection,DEWA-120754,2022-04-23,2022-07-03,2024-07-02,Renewal Required,43256,
CD-096-6654,PRJ-096,Civil Defense NOC,CD-767625,2020-12-07,2021-02-04,2023-02-04,Approved,30767,
DDA-096-9789,PRJ-096,DDA Approval,DDA-477629,2021-03-03,2021-04-16,2022-04-16,Approved,42752,
TRK-096-3856,PRJ-096,Trakhees Permit,TRK-507321,2021-04-18,2021-06-03,2022-06-03,Approved,49497,
ETIS-096-1343,PRJ-096,Etisalat NOC,ETIS-552708,2020-12-02,2021-02-21,2023-02-21,Approved,3788,
DM-NOC-096-8535,PRJ-096,Dubai Municipality - NOC,DM-NOC-530305,2021-04-15,2021-06-29,2024-06-28,Approved,27360,
RTA-096-3048,PRJ-096,RTA Access Permit,RTA-980945,2020-11-08,2021-01-17,2023-01-17,Approved,27594,
DEWA-096-7899,PRJ-096,DEWA Connection,DEWA-538017,2021-04-13,2021-06-11,2024-06-10,Pending,30090,
TRK-097-9682,PRJ-097,Trakhees Permit,TRK-315917,2022-08-04,2022-09-18,2023-09-18,Approved,38249,
ETIS-097-4188,PRJ-097,Etisalat NOC,ETIS-864733,2022-06-27,2022-09-07,2025-09-06,Approved,31367,
ENV-097-9981,PRJ-097,Environmental Permit,ENV-901087,2022-06-21,2022-09-09,2024-09-08,Approved,43205,
DEWA-097-6028,PRJ-097,DEWA Connection,DEWA-323885,2022-06-05,2022-07-30,2023-07-30,Pending,8120,
CRANE-097-9893,PRJ-097,Crane Permit,CRANE-783920,2022-04-25,2022-06-22,2024-06-21,Renewal Required,28008,
RTA-097-1833,PRJ-097,RTA Access Permit,RTA-309096,2022-06-29,2022-08-11,2024-08-10,Renewal Required,11270,
DM-NOC-097-7296,PRJ-097,Dubai Municipality - NOC,DM-NOC-642638,2022-04-10,2022-06-06,2023-06-06,Pending,2562,
DDA-098-3553,PRJ-098,DDA Approval,DDA-772386,2020-03-23,2020-05-17,2023-05-17,Approved,10875,
DEWA-098-7738,PRJ-098,DEWA Connection,DEWA-431864,2019-12-05,2020-02-02,2021-02-01,Approved,32895,
CD-098-6180,PRJ-098,Civil Defense NOC,CD-740006,2020-02-26,2020-05-25,2023-05-25,Renewal Required,49189,
ETIS-098-1578,PRJ-098,Etisalat NOC,ETIS-809035,2019-12-05,2020-01-10,2021-01-09,Approved,2406,
CRANE-098-1142,PRJ-098,Crane Permit,CRANE-155315,2020-03-22,2020-05-12,2021-05-12,Approved,24376,
DEWA-099-6946,PRJ-099,DEWA Connection,DEWA-753505,2019-09-19,2019-12-16,2021-12-15,Renewal Required,30269,
RTA-099-8783,PRJ-099,RTA Access Permit,RTA-455069,2019-08-24,2019-11-07,2020-11-06,Approved,20873,
CD-099-2662,PRJ-099,Civil Defense NOC,CD-941310,2019-08-27,2019-10-31,2020-10-30,Approved,11699,
DDA-099-7802,PRJ-099,DDA Approval,DDA-224193,2020-01-01,2020-03-05,2023-03-05,Pending,11373,
DM-BP-099-8693,PRJ-099,Dubai Municipality - Building Permit,DM-BP-833859,2019-10-15,2019-12-01,2022-11-30,Approved,8429,
TRK-100-8746,PRJ-100,Trakhees Permit,TRK-497798,2020-10-23,2020-12-22,2021-12-22,Approved,39415,
DM-NOC-100-6937,PRJ-100,Dubai Municipality - NOC,DM-NOC-562355,2020-10-13,2020-12-19,2023-12-19,Approved,30316,
DM-BP-100-1325,PRJ-100,Dubai Municipality - Building Permit,DM-BP-615655,2020-11-27,2021-02-25,2024-02-25,Renewal Required,23533,
ENV-100-6566,PRJ-100,Environmental Permit,ENV-189139,2020-07-17,2020-10-11,2022-10-11,Approved,12615,
RTA-100-3210,PRJ-100,RTA Access Permit,RTA-754344,2020-12-08,2021-01-26,2024-01-26,Pending,10796,
