vo_id,project_id,vo_number,description,reason,submitted_date,vo_value_aed,time_impact_days,status,approved_date,approved_by
VO-PRJ-001-001,PRJ-001,1,Field upon information population beyond establish whole get.,Authority Requirement,2024-06-28,710523,30,Approved,,Catherine Cox
VO-PRJ-001-002,PRJ-001,2,Occur bar carry technology idea defense usually strong.,Client Request,2022-12-15,2231992,0,Rejected,,Paul Terry
VO-PRJ-001-003,PRJ-001,3,Area force fill quickly institution common pay.,Authority Requirement,2025-07-02,3991507,45,Approved,,
VO-PRJ-001-004,PRJ-001,4,Scientist enough really eight skin before.,Design Change,2024-07-23,4600585,30,Rejected,,
VO-PRJ-001-005,PRJ-001,5,Bring finish tax.,Authority Requirement,2024-05-14,-2352745,14,Approved,,Donald Garcia
VO-PRJ-001-006,PRJ-001,6,Thank bill performance several gun happy.,Scope Addition,2023-05-24,4443149,45,Approved,,
VO-PRJ-001-007,PRJ-001,7,Town daughter gun mean.,Scope Addition,2023-04-04,-4479035,7,Rejected,,Dana Ford
VO-PRJ-002-001,PRJ-002,1,Staff change wonder detail.,Site Condition,2023-07-26,3474246,30,Approved,,Michael Davis
VO-PRJ-002-002,PRJ-002,2,Notice something lot office it.,Client Request,2024-03-28,6548998,45,Approved,,
VO-PRJ-002-003,PRJ-002,3,Necessary make though health.,Material Substitution,2022-06-07,9115139,0,Approved,,David Vazquez
VO-PRJ-002-004,PRJ-002,4,Result and throw site color throughout.,Client Request,2022-07-22,-6801626,0,Draft,,Michael Moore
VO-PRJ-002-005,PRJ-002,5,Cost same miss security office test.,Client Request,2024-04-19,4610503,30,Under Negotiation,,Jeffrey Goodwin
VO-PRJ-003-001,PRJ-003,1,Policy than weight rich herself model happen Mrs.,Authority Requirement,2024-05-15,5698657,14,Draft,,Perry Giles
VO-PRJ-003-002,PRJ-003,2,Will year health after.,Scope Addition,2024-02-25,-14063259,0,Under Negotiation,,
VO-PRJ-003-003,PRJ-003,3,Cup career wait section write Democrat.,Authority Requirement,2025-01-26,14025826,14,Approved,,Sandra Baxter
VO-PRJ-003-004,PRJ-003,4,Live front here recently meeting put.,Client Request,2024-09-09,-11528247,7,Submitted,,
VO-PRJ-004-001,PRJ-004,1,Bed would would onto line modern technology.,Material Substitution,2024-03-13,5399061,7,Rejected,,
VO-PRJ-004-002,PRJ-004,2,Easy contain various nearly you something.,Scope Addition,2021-11-25,1130181,30,Approved,,Paula Joyce
VO-PRJ-004-003,PRJ-004,3,Hospital still laugh security suddenly service main service.,Client Request,2022-05-30,2803455,30,Rejected,,Evelyn Moore
VO-PRJ-004-004,PRJ-004,4,Unit choice college activity who prevent.,Authority Requirement,2022-06-15,6440690,0,Rejected,,Sandra Rhodes
VO-PRJ-004-005,PRJ-004,5,Open reach hit decide.,Design Change,2021-07-03,5522713,45,Submitted,,
VO-PRJ-004-006,PRJ-004,6,Avoid question wall and rock now something.,Scope Addition,2022-02-14,6677184,14,Under Negotiation,,Deborah Jones
VO-PRJ-004-007,PRJ-004,7,Price more million charge cell high.,Site Condition,2023-09-27,1293623,45,Rejected,,
VO-PRJ-004-008,PRJ-004,8,Yourself help fill control medical red some.,Design Change,2021-09-17,5020565,7,Under Negotiation,,Danielle Curtis
VO-PRJ-005-001,PRJ-005,1,Growth out prepare.,Site Condition,2022-01-21,3884856,30,Submitted,,
VO-PRJ-006-001,PRJ-006,1,Firm alone ok party.,Site Condition,2025-04-19,-14624649,30,Draft,,
VO-PRJ-006-002,PRJ-006,2,Democrat collection more pass.,Design Change,2025-12-09,13442379,7,Draft,,
VO-PRJ-006-003,PRJ-006,3,Quality wall threat.,Authority Requirement,2026-01-11,19990149,7,Draft,,Taylor Farmer
VO-PRJ-006-004,PRJ-006,4,Attention this about between other company where.,Scope Addition,2025-12-20,-19188432,7,Approved,,
VO-PRJ-006-005,PRJ-006,5,Agent sister including ahead practice word.,Site Condition,2025-12-04,2555599,0,Under Negotiation,,
VO-PRJ-006-006,PRJ-006,6,Experience site evening soon maintain single subject.,Scope Addition,2025-05-28,10194741,0,Approved,,Richard Page
VO-PRJ-006-007,PRJ-006,7,Table defense next well simply authority onto.,Site Condition,2025-12-12,8768282,7,Under Negotiation,,Amy Torres
VO-PRJ-006-008,PRJ-006,8,Throughout recognize another option light why forget.,Design Change,2026-01-15,-15889490,0,Approved,,Mike Green
VO-PRJ-006-009,PRJ-006,9,New news whether assume.,Scope Addition,2025-10-12,-10516704,0,Approved,,
VO-PRJ-007-001,PRJ-007,1,Evidence coach before west three bit city.,Authority Requirement,2025-09-04,1303524,30,Under Negotiation,,
VO-PRJ-007-002,PRJ-007,2,People key hold describe capital defense.,Site Condition,2025-05-28,3709808,0,Under Negotiation,,
VO-PRJ-007-003,PRJ-007,3,Majority box skill admit.,Material Substitution,2025-06-15,2996579,7,Submitted,,Sheila Snyder
VO-PRJ-007-004,PRJ-007,4,Moment necessary their mouth particularly coach.,Design Change,2025-09-14,3732298,14,Approved,,
VO-PRJ-007-005,PRJ-007,5,Agency energy high candidate law.,Material Substitution,2025-09-07,1498586,14,Approved,,
VO-PRJ-007-006,PRJ-007,6,Network note act general.,Site Condition,2025-05-14,1270680,30,Approved,,Alicia Nolan
VO-PRJ-007-007,PRJ-007,7,Least probably Congress food.,Authority Requirement,2025-07-03,1421401,7,Draft,,
VO-PRJ-008-001,PRJ-008,1,Test college crime present avoid production.,Material Substitution,2025-04-12,3988181,0,Approved,,Samuel Delgado
VO-PRJ-008-002,PRJ-008,2,Thought before others above tend sense hold.,Client Request,2025-08-28,2569730,30,Approved,,
VO-PRJ-008-003,PRJ-008,3,Tend door idea very.,Material Substitution,2025-10-09,2115634,0,Rejected,,
VO-PRJ-008-004,PRJ-008,4,Thus church plan executive.,Design Change,2025-04-18,1346307,0,Approved,,Laura Arnold
VO-PRJ-008-005,PRJ-008,5,Save to ready thought go drive.,Client Request,2025-06-19,7963102,30,Approved,,
VO-PRJ-008-006,PRJ-008,6,Agree western report inside for attention.,Scope Addition,2025-07-30,5899259,0,Draft,,
VO-PRJ-009-001,PRJ-009,1,Evening voice magazine along thus program special.,Site Condition,2022-10-22,4496685,7,Approved,,Daniel Martinez
VO-PRJ-009-002,PRJ-009,2,How data ten various strong still change wish.,Material Substitution,2023-02-08,-8683969,0,Draft,,
VO-PRJ-009-003,PRJ-009,3,Behavior successful full place information.,Site Condition,2022-10-22,20596656,45,Submitted,,Justin Walker
VO-PRJ-009-004,PRJ-009,4,Different woman what gun everyone determine.,Site Condition,2022-04-21,20267889,30,Rejected,,Shelley Smith
VO-PRJ-009-005,PRJ-009,5,Agree need bill.,Material Substitution,2022-05-22,18928346,0,Rejected,,
VO-PRJ-009-006,PRJ-009,6,Maintain analysis require issue drop building.,Scope Addition,2022-12-02,16050749,14,Approved,,Vincent Harrington
VO-PRJ-009-007,PRJ-009,7,Officer shoulder tough have success.,Authority Requirement,2023-03-05,19344655,0,Submitted,,
VO-PRJ-009-008,PRJ-009,8,Home sea poor around maybe.,Site Condition,2023-06-18,10808575,7,Approved,,Alisha Lewis
VO-PRJ-009-009,PRJ-009,9,Believe within black.,Authority Requirement,2023-03-14,-4488579,30,Approved,,Lindsey Sullivan
VO-PRJ-010-001,PRJ-010,1,Successful born main.,Client Request,2023-12-29,3036002,0,Draft,,
VO-PRJ-010-002,PRJ-010,2,Lead gas try.,Material Substitution,2024-12-19,-3605965,0,Draft,,Jean Berger
VO-PRJ-010-003,PRJ-010,3,Plant sort exactly behind hot city certainly.,Design Change,2024-09-12,1825073,0,Approved,,Diane Gonzalez
VO-PRJ-010-004,PRJ-010,4,Purpose generation Mrs sea PM story police six.,Scope Addition,2023-03-17,1297154,0,Rejected,,
VO-PRJ-010-005,PRJ-010,5,Central about suddenly.,Material Substitution,2024-11-14,884826,7,Under Negotiation,,
VO-PRJ-010-006,PRJ-010,6,Ball air dinner situation fund expect heavy.,Site Condition,2023-10-06,1517764,0,Approved,,Eddie Thomas
VO-PRJ-011-001,PRJ-011,1,Boy trade very visit front ask fast.,Client Request,2025-06-23,-1785649,7,Under Negotiation,,Adrian Castro
VO-PRJ-011-002,PRJ-011,2,Anyone physical today.,Material Substitution,2025-02-24,9257126,0,Approved,,Hayley Ruiz
VO-PRJ-011-003,PRJ-011,3,Interesting true career last catch effect.,Scope Addition,2025-02-13,5710202,0,Approved,,
VO-PRJ-011-004,PRJ-011,4,Behavior west particular not wait end arm miss.,Design Change,2024-10-21,-4004520,30,Rejected,,
VO-PRJ-012-001,PRJ-012,1,Professor kind character cup accept fast.,Scope Addition,2025-08-06,15564129,0,Submitted,,Jeffrey Jackson
VO-PRJ-012-002,PRJ-012,2,College follow trouble produce bag effort.,Client Request,2023-11-25,2521783,45,Under Negotiation,,Cody Lopez
VO-PRJ-012-003,PRJ-012,3,Traditional get unit.,Design Change,2025-08-05,2062983,30,Submitted,,Michael Davis
VO-PRJ-012-004,PRJ-012,4,Within last already side environmental.,Site Condition,2024-03-15,-9502940,30,Under Negotiation,,
VO-PRJ-012-005,PRJ-012,5,Box could daughter sense particularly image piece.,Scope Addition,2023-12-11,13903829,0,Under Negotiation,,Thomas Hines
VO-PRJ-013-001,PRJ-013,1,Clear one prepare wish its board speech.,Material Substitution,2025-06-30,5944894,7,Under Negotiation,,Donald Ortiz
VO-PRJ-013-002,PRJ-013,2,Heavy less staff him former answer end.,Authority Requirement,2025-06-07,1816449,45,Submitted,,
VO-PRJ-013-003,PRJ-013,3,Seat back term though.,Material Substitution,2025-05-01,-8234632,7,Approved,,
VO-PRJ-013-004,PRJ-013,4,Some stock of north green.,Material Substitution,2024-09-18,9893958,45,Submitted,,Lauren Jackson
VO-PRJ-013-005,PRJ-013,5,Build certain general friend strategy economy.,Client Request,2025-10-21,4482424,14,Rejected,,Brittany Vega
VO-PRJ-013-006,PRJ-013,6,Action control understand than.,Client Request,2025-10-31,-8484103,0,Approved,,
VO-PRJ-013-007,PRJ-013,7,Front north Mr who technology none.,Scope Addition,2025-10-21,4435677,0,Approved,,Gregory Moreno
VO-PRJ-013-008,PRJ-013,8,Speak sign think sure fund.,Site Condition,2024-09-17,-1951225,30,Submitted,,Katherine Preston
VO-PRJ-014-001,PRJ-014,1,Different apply no month affect scene PM.,Scope Addition,2025-01-22,8363300,0,Draft,,Leslie Horton
VO-PRJ-014-002,PRJ-014,2,Ok position same foreign.,Site Condition,2025-11-14,17524713,0,Draft,,
VO-PRJ-014-003,PRJ-014,3,Thing official alone government machine will service.,Scope Addition,2024-10-24,13520976,7,Draft,,
VO-PRJ-014-004,PRJ-014,4,Agency job want yes threat.,Material Substitution,2024-08-07,-17201866,14,Under Negotiation,,Rebecca Ruiz
VO-PRJ-014-005,PRJ-014,5,Poor early sign understand fish song including.,Site Condition,2024-12-22,8278121,7,Rejected,,
VO-PRJ-014-006,PRJ-014,6,Fire trip person none conference important clearly live.,Design Change,2024-06-06,15803172,0,Under Negotiation,,
VO-PRJ-015-001,PRJ-015,1,Way major amount put play.,Client Request,2020-09-07,15682724,14,Rejected,,
VO-PRJ-015-002,PRJ-015,2,Project American important share raise wish under.,Scope Addition,2021-01-30,20531039,0,Rejected,,
VO-PRJ-015-003,PRJ-015,3,Rate final again large.,Scope Addition,2021-08-14,8473158,7,Rejected,,Crystal Avery
VO-PRJ-015-004,PRJ-015,4,Know specific natural political security almost government.,Client Request,2020-09-13,18907721,14,Submitted,,Julie Smith
VO-PRJ-015-005,PRJ-015,5,Control down see kid rock.,Design Change,2020-12-22,16394851,0,Draft,,Joseph Jones
VO-PRJ-015-006,PRJ-015,6,Moment enjoy expert could.,Authority Requirement,2021-07-17,17682332,0,Submitted,,
VO-PRJ-015-007,PRJ-015,7,Source see central buy.,Site Condition,2020-09-30,-15062168,0,Approved,,Donna James
VO-PRJ-016-001,PRJ-016,1,Agent day leave loss.,Authority Requirement,2024-02-09,15230648,45,Approved,,
VO-PRJ-016-002,PRJ-016,2,Run find exactly who use.,Client Request,2024-02-13,3712668,45,Approved,,
VO-PRJ-016-003,PRJ-016,3,That later visit create present sing.,Material Substitution,2022-12-03,16583084,0,Submitted,,
VO-PRJ-016-004,PRJ-016,4,Force computer I list risk add test.,Authority Requirement,2022-12-19,-7200023,7,Under Negotiation,,Debra Dunn
VO-PRJ-016-005,PRJ-016,5,Buy natural hand.,Design Change,2022-11-25,21586086,0,Approved,,
VO-PRJ-016-006,PRJ-016,6,Identify top act morning.,Scope Addition,2020-12-11,23433287,7,Under Negotiation,,Rebecca Baker
VO-PRJ-016-007,PRJ-016,7,Meet per seem provide.,Scope Addition,2021-12-09,3314841,14,Rejected,,James Baldwin
VO-PRJ-016-008,PRJ-016,8,Money color assume day realize almost vote.,Scope Addition,2023-01-23,7732846,14,Rejected,,
VO-PRJ-017-001,PRJ-017,1,Design space strong back nor ready might.,Scope Addition,2022-10-13,806527,14,Submitted,,
VO-PRJ-017-002,PRJ-017,2,Treat several operation cut season according fund.,Scope Addition,2022-11-13,2448652,45,Under Negotiation,,
VO-PRJ-017-003,PRJ-017,3,Simply politics skin.,Scope Addition,2022-11-13,2611140,45,Submitted,,Brian Miller
VO-PRJ-017-004,PRJ-017,4,Majority effort continue local night.,Material Substitution,2023-03-31,2739669,7,Submitted,,Anne Rich
VO-PRJ-017-005,PRJ-017,5,Power thousand claim maintain receive next next.,Material Substitution,2023-02-25,1364721,0,Draft,,
VO-PRJ-017-006,PRJ-017,6,Together process control read movement alone.,Site Condition,2022-10-01,2748909,0,Approved,,
VO-PRJ-017-007,PRJ-017,7,Customer main impact prepare.,Authority Requirement,2022-11-24,1583508,0,Approved,,Angel Barber
VO-PRJ-017-008,PRJ-017,8,Lawyer actually memory finally yes line including.,Site Condition,2022-11-29,2951819,0,Rejected,,
VO-PRJ-017-009,PRJ-017,9,Meeting about reason easy because lose avoid.,Material Substitution,2023-07-05,2864431,0,Submitted,,
VO-PRJ-017-010,PRJ-017,10,Protect know plant own music town note.,Site Condition,2022-07-02,2073610,30,Under Negotiation,,Stephanie Sheppard
VO-PRJ-018-001,PRJ-018,1,Skin position might event.,Material Substitution,2025-09-08,-4338027,7,Approved,,
VO-PRJ-019-001,PRJ-019,1,Economic first still instead might chance.,Client Request,2021-11-27,3254944,0,Draft,,
VO-PRJ-019-002,PRJ-019,2,Just plan sport.,Material Substitution,2022-12-05,12872032,0,Approved,,
VO-PRJ-019-003,PRJ-019,3,Teacher beat it threat.,Material Substitution,2021-11-04,18670703,14,Approved,,
VO-PRJ-019-004,PRJ-019,4,Year stage home need ask.,Material Substitution,2023-08-13,-2337253,0,Under Negotiation,,
VO-PRJ-019-005,PRJ-019,5,History also be region back.,Material Substitution,2021-10-21,20302526,0,Submitted,,
VO-PRJ-019-006,PRJ-019,6,Thought a far black worker tell also.,Design Change,2023-07-22,16330974,0,Approved,,Jason Mitchell
VO-PRJ-019-007,PRJ-019,7,Film form control staff name window international.,Scope Addition,2021-06-19,6427511,30,Approved,,Daniel Owen
VO-PRJ-019-008,PRJ-019,8,Learn imagine region wind could then rather.,Authority Requirement,2021-06-12,-15998585,30,Approved,,Jennifer Carroll
VO-PRJ-019-009,PRJ-019,9,Any growth listen avoid include nature popular when.,Material Substitution,2022-12-07,5839564,14,Under Negotiation,,
VO-PRJ-019-010,PRJ-019,10,Use during east scientist strategy indicate.,Design Change,2021-07-13,3780799,0,Submitted,,Katie Gomez
VO-PRJ-020-001,PRJ-020,1,Loss loss many modern none read.,Authority Requirement,2024-02-25,7447063,0,Approved,,
VO-PRJ-020-002,PRJ-020,2,Measure including movie race source treatment.,Material Substitution,2023-12-22,-1597360,45,Rejected,,Eric Walter
VO-PRJ-021-001,PRJ-021,1,Couple people writer also.,Authority Requirement,2021-12-21,7749261,14,Under Negotiation,,Frederick White
VO-PRJ-022-001,PRJ-022,1,Market artist building look military pay.,Material Substitution,2025-09-20,17713875,45,Rejected,,
VO-PRJ-022-002,PRJ-022,2,National author huge board about doctor result.,Client Request,2024-11-29,5132925,0,Rejected,,Leah Smith
VO-PRJ-022-003,PRJ-022,3,Year risk all degree eight personal join.,Material Substitution,2025-08-21,-14370449,7,Under Negotiation,,
VO-PRJ-022-004,PRJ-022,4,Mention heart five.,Material Substitution,2024-09-22,16932492,30,Under Negotiation,,
VO-PRJ-022-005,PRJ-022,5,Model since big.,Material Substitution,2025-09-25,-9096797,0,Approved,,
VO-PRJ-022-006,PRJ-022,6,Truth able many rise maybe person deal.,Client Request,2024-08-22,3269820,0,Draft,,Marcus Johnson
VO-PRJ-022-007,PRJ-022,7,Some onto consider top at wait health.,Client Request,2025-03-31,8930904,0,Approved,,
VO-PRJ-022-008,PRJ-022,8,Floor feeling her play new win.,Site Condition,2025-07-10,6365587,30,Draft,,Nicole Mueller
VO-PRJ-022-009,PRJ-022,9,Arrive threat yard long model personal.,Authority Requirement,2025-01-27,15010456,30,Draft,,Kenneth Smith
VO-PRJ-023-001,PRJ-023,1,Second up stock.,Design Change,2023-11-08,-3566771,0,Draft,,Regina Hensley
VO-PRJ-023-002,PRJ-023,2,Create bad her again realize fall.,Authority Requirement,2025-01-25,2413387,0,Under Negotiation,,
VO-PRJ-023-003,PRJ-023,3,Heavy leg operation member fall discover.,Site Condition,2025-01-20,17338351,7,Rejected,,Ruth Delacruz
VO-PRJ-023-004,PRJ-023,4,Foreign forward society enjoy size his course.,Site Condition,2025-05-31,20422065,7,Submitted,,Mrs. Jacqueline Young DDS
VO-PRJ-023-005,PRJ-023,5,Spend financial relate weight.,Authority Requirement,2024-08-15,15047310,7,Draft,,Nicholas Payne
VO-PRJ-024-001,PRJ-024,1,Message serious military already.,Site Condition,2025-06-23,2107835,14,Rejected,,
VO-PRJ-024-002,PRJ-024,2,Police cover wonder visit money.,Site Condition,2025-08-22,6569727,14,Approved,,Charles Paul
VO-PRJ-024-003,PRJ-024,3,Traditional they term partner.,Material Substitution,2025-07-15,5498572,0,Draft,,Patrick Lawson
VO-PRJ-024-004,PRJ-024,4,Over reach family.,Authority Requirement,2025-06-09,17573060,45,Under Negotiation,,
VO-PRJ-024-005,PRJ-024,5,Be culture year require.,Design Change,2025-09-18,17565564,7,Draft,,
VO-PRJ-025-001,PRJ-025,1,Parent others turn little garden hold.,Client Request,2025-10-22,2194380,14,Rejected,,Dr. Anthony Davidson
VO-PRJ-025-002,PRJ-025,2,Give tell window kind available race.,Authority Requirement,2024-11-08,-5931065,45,Submitted,,
VO-PRJ-025-003,PRJ-025,3,Expect door magazine.,Authority Requirement,2025-08-26,-5458489,30,Draft,,
VO-PRJ-025-004,PRJ-025,4,You paper source prevent popular sea.,Authority Requirement,2024-11-26,7709229,0,Approved,,Kyle Mendoza
VO-PRJ-026-001,PRJ-026,1,Bag instead finish single old brother car.,Authority Requirement,2022-09-26,-1602886,45,Approved,,
VO-PRJ-026-002,PRJ-026,2,Free prove two Mrs person.,Material Substitution,2023-02-02,675574,7,Rejected,,Edward Castro
VO-PRJ-026-003,PRJ-026,3,Catch subject land number what dog home.,Authority Requirement,2022-03-27,1708306,14,Draft,,Joshua Simmons
VO-PRJ-027-001,PRJ-027,1,Page on owner account she million discussion.,Scope Addition,2023-08-03,11249583,0,Approved,,Mrs. Kimberly Allen
VO-PRJ-027-002,PRJ-027,2,Although right perhaps particular reach so employee everything.,Scope Addition,2025-03-14,14195544,0,Draft,,Chad Evans
VO-PRJ-027-003,PRJ-027,3,Risk lose include article free least.,Scope Addition,2026-01-05,-5601708,45,Approved,,John Conway
VO-PRJ-027-004,PRJ-027,4,Fish bed party particularly use high account.,Site Condition,2025-02-28,12918787,14,Approved,,Vicki Shepard
VO-PRJ-028-001,PRJ-028,1,Direction including wear.,Design Change,2025-08-23,-719890,14,Submitted,,
VO-PRJ-028-002,PRJ-028,2,Put affect present head.,Material Substitution,2025-02-26,851517,14,Rejected,,
VO-PRJ-028-003,PRJ-028,3,Learn three like ahead course pressure perhaps.,Scope Addition,2025-08-10,-334733,0,Rejected,,
VO-PRJ-028-004,PRJ-028,4,Community focus why later partner you yeah reality.,Scope Addition,2024-05-06,1143154,0,Draft,,Rhonda Olsen
VO-PRJ-028-005,PRJ-028,5,Several look lot million.,Site Condition,2023-10-28,428127,45,Under Negotiation,,
VO-PRJ-028-006,PRJ-028,6,Image keep she month attorney top.,Design Change,2024-01-06,1073092,0,Submitted,,Jenna Moody
VO-PRJ-028-007,PRJ-028,7,Drop voice central son.,Site Condition,2023-08-09,231182,45,Rejected,,Robert Black
VO-PRJ-028-008,PRJ-028,8,Agree education however speak everybody.,Scope Addition,2025-02-13,-205951,0,Approved,,
VO-PRJ-029-001,PRJ-029,1,Air fine hour especially western eat either.,Site Condition,2025-04-11,6042378,7,Rejected,,Donna Anderson
VO-PRJ-029-002,PRJ-029,2,Herself answer must all baby computer most.,Client Request,2024-08-10,6346627,45,Approved,,
VO-PRJ-029-003,PRJ-029,3,Truth clear across age purpose.,Scope Addition,2024-06-04,-6320811,0,Rejected,,
VO-PRJ-029-004,PRJ-029,4,Green teach focus.,Material Substitution,2024-09-10,-6447578,0,Approved,,
VO-PRJ-030-001,PRJ-030,1,Human international industry always until over.,Client Request,2025-02-03,6323189,14,Draft,,Richard Stewart
VO-PRJ-030-002,PRJ-030,2,Address evening well until PM.,Site Condition,2025-04-29,-10251328,0,Rejected,,
VO-PRJ-030-003,PRJ-030,3,Ready receive certainly institution individual suffer prepare.,Scope Addition,2024-12-31,3840150,45,Draft,,
VO-PRJ-031-001,PRJ-031,1,Last true western number sure source difficult.,Authority Requirement,2025-11-18,2469928,0,Under Negotiation,,Todd Gilbert
VO-PRJ-031-002,PRJ-031,2,After necessary either fly.,Material Substitution,2024-12-15,599204,0,Draft,,
VO-PRJ-031-003,PRJ-031,3,Base than response war this subject.,Scope Addition,2026-01-23,-2507424,0,Submitted,,
VO-PRJ-031-004,PRJ-031,4,Apply increase assume degree movement as.,Material Substitution,2025-07-03,2366585,0,Draft,,Wendy Barron
VO-PRJ-031-005,PRJ-031,5,Point happy cell eight.,Scope Addition,2025-01-11,2790526,7,Draft,,Steven Cox
VO-PRJ-031-006,PRJ-031,6,Security camera probably article set must.,Material Substitution,2025-09-08,-3344596,7,Approved,,Jordan Thompson
VO-PRJ-031-007,PRJ-031,7,Few appear their want send.,Site Condition,2025-06-07,2219503,45,Draft,,
VO-PRJ-032-001,PRJ-032,1,Relate member own throughout.,Authority Requirement,2023-10-26,-4906495,30,Approved,,Vicki Morgan
VO-PRJ-032-002,PRJ-032,2,Stay garden resource stand by.,Scope Addition,2025-03-10,-7262288,45,Draft,,
VO-PRJ-032-003,PRJ-032,3,South position market wrong be serve.,Scope Addition,2025-01-29,8910053,0,Under Negotiation,,Michael Pope
VO-PRJ-032-004,PRJ-032,4,Each share simple leg.,Scope Addition,2024-02-01,-7802446,0,Rejected,,
VO-PRJ-032-005,PRJ-032,5,Because thank fish hear theory those catch employee.,Authority Requirement,2024-05-24,6698786,7,Approved,,Emily Adams
VO-PRJ-032-006,PRJ-032,6,Back arrive pattern product popular board.,Design Change,2024-05-28,-3954465,7,Draft,,
VO-PRJ-032-007,PRJ-032,7,Lawyer police choose draw ability budget movement her.,Site Condition,2023-11-23,-1549551,0,Approved,,Linda Wright
VO-PRJ-032-008,PRJ-032,8,Natural read effect admit.,Scope Addition,2023-08-17,1856524,0,Approved,,
VO-PRJ-032-009,PRJ-032,9,Blue great understand what nice.,Scope Addition,2023-12-16,2403667,0,Approved,,
VO-PRJ-032-010,PRJ-032,10,They garden country.,Scope Addition,2023-01-14,-6901266,0,Under Negotiation,,Cynthia Nelson
VO-PRJ-033-001,PRJ-033,1,Decide control performance they central throw race shoulder.,Client Request,2025-08-04,4209594,0,Draft,,
VO-PRJ-033-002,PRJ-033,2,Vote right him challenge measure parent.,Authority Requirement,2025-08-07,-3563390,45,Under Negotiation,,Gregory Glass
VO-PRJ-033-003,PRJ-033,3,Reality strong special organization own significant debate.,Authority Requirement,2024-11-14,13628234,0,Approved,,Heather Maddox
VO-PRJ-034-001,PRJ-034,1,Meet seven natural most cost thing vote.,Scope Addition,2024-04-20,2754801,0,Rejected,,
VO-PRJ-034-002,PRJ-034,2,Future conference than meeting page million activity.,Scope Addition,2026-02-01,10245102,0,Under Negotiation,,Lance Reynolds
VO-PRJ-034-003,PRJ-034,3,Piece open short mission identify soldier.,Site Condition,2025-09-28,-6224593,30,Submitted,,
VO-PRJ-034-004,PRJ-034,4,Strategy send game.,Client Request,2025-02-28,-10517857,0,Rejected,,Francisco Francis
VO-PRJ-034-005,PRJ-034,5,About decide church between move police language.,Site Condition,2025-05-18,9765995,14,Rejected,,Garrett Norton
VO-PRJ-034-006,PRJ-034,6,That professor alone game word town animal.,Design Change,2025-02-13,16285636,0,Under Negotiation,,Lauren Williams
VO-PRJ-034-007,PRJ-034,7,Wonder decade again human employee mouth lose.,Design Change,2025-04-28,15221560,0,Submitted,,
VO-PRJ-036-001,PRJ-036,1,Pass among fear some station.,Authority Requirement,2024-06-11,-14416217,14,Approved,,
VO-PRJ-036-002,PRJ-036,2,Radio dog big.,Design Change,2025-05-11,4609881,0,Rejected,,
VO-PRJ-036-003,PRJ-036,3,Training present see a.,Material Substitution,2023-08-03,-6466212,0,Rejected,,
VO-PRJ-036-004,PRJ-036,4,Around cultural huge travel.,Authority Requirement,2023-08-10,7638393,30,Approved,,
VO-PRJ-036-005,PRJ-036,5,Peace picture until throw bar police.,Client Request,2024-12-20,9093605,14,Submitted,,
VO-PRJ-036-006,PRJ-036,6,Production ever at ahead reason detail.,Site Condition,2024-01-30,2047097,30,Under Negotiation,,Jason Taylor
VO-PRJ-036-007,PRJ-036,7,Myself blood range.,Site Condition,2024-02-14,13791556,0,Submitted,,Aaron Doyle
VO-PRJ-036-008,PRJ-036,8,Player modern condition form.,Material Substitution,2025-09-20,6695854,7,Approved,,
VO-PRJ-037-001,PRJ-037,1,Arrive western far.,Authority Requirement,2023-12-06,14175198,14,Approved,,
VO-PRJ-037-002,PRJ-037,2,Represent environmental we near agency father.,Client Request,2024-08-31,14139505,7,Submitted,,Cynthia Sanders
VO-PRJ-037-003,PRJ-037,3,Defense surface feel student.,Authority Requirement,2023-05-16,7915896,14,Approved,,
VO-PRJ-037-004,PRJ-037,4,Listen although answer hour involve.,Scope Addition,2023-04-23,-2875968,0,Rejected,,
VO-PRJ-037-005,PRJ-037,5,Traditional more those clearly eight myself always.,Material Substitution,2024-04-02,4269015,0,Approved,,Lawrence Gordon
VO-PRJ-038-001,PRJ-038,1,Likely special story result risk.,Client Request,2024-04-24,17975142,0,Submitted,,Antonio Cooper
VO-PRJ-038-002,PRJ-038,2,Even point question science much have.,Design Change,2024-09-28,10488730,0,Draft,,Kevin Tanner
VO-PRJ-038-003,PRJ-038,3,Huge leave rock plan seek.,Authority Requirement,2022-09-19,18447252,7,Approved,,Tara Rowland
VO-PRJ-038-004,PRJ-038,4,Stand set respond.,Material Substitution,2024-01-05,12277878,30,Rejected,,
VO-PRJ-038-005,PRJ-038,5,Design station low executive respond I class side.,Scope Addition,2023-10-25,6504230,7,Approved,,
VO-PRJ-040-001,PRJ-040,1,Eye style cover.,Scope Addition,2023-08-12,7949500,0,Approved,,Logan Stephens
VO-PRJ-040-002,PRJ-040,2,Skin support able.,Material Substitution,2023-05-14,-4123549,0,Submitted,,Randy Bailey
VO-PRJ-040-003,PRJ-040,3,Land dark remember pattern source.,Site Condition,2026-01-26,21683298,7,Rejected,,
VO-PRJ-040-004,PRJ-040,4,Way decision cause ball.,Authority Requirement,2024-09-17,6778599,30,Approved,,
VO-PRJ-040-005,PRJ-040,5,Star play apply successful.,Design Change,2024-03-12,8833987,0,Approved,,
VO-PRJ-041-001,PRJ-041,1,Clearly listen when word what rate tend.,Material Substitution,2025-08-28,-4399666,14,Under Negotiation,,Amy Shah
VO-PRJ-041-002,PRJ-041,2,Network wind sport writer actually.,Site Condition,2026-01-09,15684684,30,Submitted,,Michelle Gilmore
VO-PRJ-042-001,PRJ-042,1,Blue sign maybe few.,Design Change,2024-11-05,17565350,0,Approved,,
VO-PRJ-042-002,PRJ-042,2,Art word race single two.,Client Request,2022-05-27,16400689,7,Approved,,Casey Rodriguez
VO-PRJ-042-003,PRJ-042,3,Might a most believe worker process.,Scope Addition,2023-10-17,18888569,0,Under Negotiation,,
VO-PRJ-042-004,PRJ-042,4,Too wind tree campaign free usually.,Scope Addition,2023-12-02,-22084386,30,Rejected,,
VO-PRJ-042-005,PRJ-042,5,Stock later authority later according.,Design Change,2023-07-17,5239002,7,Approved,,Kelly Hamilton
VO-PRJ-042-006,PRJ-042,6,Yeah story beyond line dog themselves.,Material Substitution,2023-03-08,-10162465,0,Approved,,
VO-PRJ-042-007,PRJ-042,7,Near friend player factor control common.,Client Request,2023-10-25,12608418,45,Submitted,,
VO-PRJ-042-008,PRJ-042,8,Understand Mrs strong policy man lot.,Site Condition,2025-01-24,6273522,0,Under Negotiation,,Ronald Brooks
VO-PRJ-042-009,PRJ-042,9,Phone history different claim property eat.,Design Change,2023-11-27,15833806,7,Draft,,Amanda Baker
VO-PRJ-042-010,PRJ-042,10,Think good position.,Client Request,2022-02-14,-10279031,0,Under Negotiation,,
VO-PRJ-043-001,PRJ-043,1,Somebody specific go yet best particular.,Material Substitution,2021-11-12,4886547,14,Draft,,Lynn Walker
VO-PRJ-043-002,PRJ-043,2,Around film treat character response.,Scope Addition,2022-01-11,7837057,14,Draft,,Brandon Fowler
VO-PRJ-043-003,PRJ-043,3,With general range teach discover sing similar before.,Authority Requirement,2020-10-13,-1507963,0,Approved,,Virginia Velasquez
VO-PRJ-043-004,PRJ-043,4,Its natural shake.,Material Substitution,2020-08-14,7620331,0,Submitted,,Michael Ortiz
VO-PRJ-043-005,PRJ-043,5,Product social cover.,Scope Addition,2022-09-12,3903138,0,Approved,,Heather Miller
VO-PRJ-043-006,PRJ-043,6,Democratic use ever note imagine focus month.,Site Condition,2023-03-12,-2953257,45,Approved,,
VO-PRJ-043-007,PRJ-043,7,Material past try whole eat maintain far.,Design Change,2023-03-26,1665301,0,Rejected,,Michael Ford
VO-PRJ-043-008,PRJ-043,8,Behind Mr seat drop.,Authority Requirement,2022-11-15,-8211209,45,Approved,,Jonathan Anderson
VO-PRJ-044-001,PRJ-044,1,Cause month role mission agency.,Material Substitution,2023-09-29,10646697,0,Rejected,,Samuel Garcia
VO-PRJ-044-002,PRJ-044,2,Nice operation news give.,Design Change,2023-07-04,1991949,0,Under Negotiation,,Jamie Kim
VO-PRJ-044-003,PRJ-044,3,Development technology cost miss candidate.,Authority Requirement,2023-07-31,1893938,14,Approved,,
VO-PRJ-045-001,PRJ-045,1,Hotel I entire eight bit kind term.,Site Condition,2021-01-12,-7517621,45,Approved,,
VO-PRJ-045-002,PRJ-045,2,Turn life game consider shoulder.,Client Request,2021-02-21,10490183,0,Rejected,,
VO-PRJ-045-003,PRJ-045,3,Suddenly husband sometimes vote boy or.,Client Request,2020-08-21,6915454,14,Rejected,,Benjamin Garcia
VO-PRJ-045-004,PRJ-045,4,Reach century network foreign politics ahead.,Authority Requirement,2021-10-30,2602293,0,Rejected,,
VO-PRJ-045-005,PRJ-045,5,According age south keep raise remember.,Client Request,2020-08-03,-6011443,0,Submitted,,
VO-PRJ-045-006,PRJ-045,6,Indeed fine least fear difficult project budget.,Client Request,2021-06-20,2209004,14,Draft,,
VO-PRJ-046-001,PRJ-046,1,Another movie dog glass experience computer.,Site Condition,2025-12-17,4940692,7,Approved,,
VO-PRJ-046-002,PRJ-046,2,Turn gun expert well.,Scope Addition,2025-08-14,960462,0,Draft,,
VO-PRJ-046-003,PRJ-046,3,Mr hit administration country half eat blue.,Client Request,2024-11-29,682866,0,Submitted,,Heather Russell
VO-PRJ-047-001,PRJ-047,1,Better population official body pressure.,Scope Addition,2025-02-14,3299545,0,Draft,,
VO-PRJ-047-002,PRJ-047,2,Ten nothing produce thought picture stock media.,Client Request,2025-11-20,-1520424,0,Draft,,
VO-PRJ-048-001,PRJ-048,1,Wait finish economy nice time.,Site Condition,2023-01-27,-10167145,45,Approved,,Brandy Wells
VO-PRJ-048-002,PRJ-048,2,Though woman recently trip.,Scope Addition,2024-09-04,3007350,0,Draft,,
VO-PRJ-048-003,PRJ-048,3,Yet create street above opportunity race example.,Design Change,2025-02-10,-5991983,0,Approved,,Terri Smith
VO-PRJ-048-004,PRJ-048,4,Ability court soldier wife series organization civil.,Client Request,2025-06-12,7182502,45,Under Negotiation,,
VO-PRJ-048-005,PRJ-048,5,Television end best.,Site Condition,2025-08-31,10452532,45,Approved,,
VO-PRJ-048-006,PRJ-048,6,For see allow reason each inside.,Authority Requirement,2024-05-29,-8728852,45,Approved,,
VO-PRJ-048-007,PRJ-048,7,Start policy never whom.,Client Request,2025-04-09,10761871,0,Under Negotiation,,
VO-PRJ-048-008,PRJ-048,8,Up draw these.,Scope Addition,2024-05-26,-8638861,14,Rejected,,William Williams
VO-PRJ-048-009,PRJ-048,9,Never half myself.,Site Condition,2023-07-20,-3379781,30,Submitted,,
VO-PRJ-048-010,PRJ-048,10,Shoulder memory according easy a until lay.,Material Substitution,2023-09-10,-2388109,7,Submitted,,
VO-PRJ-049-001,PRJ-049,1,Will tend save picture skill pretty phone.,Scope Addition,2025-01-27,-781915,45,Draft,,
VO-PRJ-051-001,PRJ-051,1,Act audience world my tonight.,Material Substitution,2023-02-27,9075997,45,Draft,,
VO-PRJ-051-002,PRJ-051,2,Scene vote day remain level war hot.,Scope Addition,2021-11-01,8982323,0,Submitted,,
VO-PRJ-051-003,PRJ-051,3,Especially give within attack official no.,Design Change,2023-04-01,-11404520,14,Draft,,
VO-PRJ-051-004,PRJ-051,4,Stuff quickly camera.,Design Change,2021-12-04,2389495,45,Rejected,,Carol Underwood
VO-PRJ-051-005,PRJ-051,5,Final start choice next describe Mrs system fill.,Design Change,2022-01-25,6146669,0,Submitted,,Jeanette Hansen
VO-PRJ-052-001,PRJ-052,1,Maintain pretty past go because participant side.,Site Condition,2021-10-29,15667061,14,Submitted,,
VO-PRJ-052-002,PRJ-052,2,Growth support mean lay whom.,Scope Addition,2023-01-16,-4307985,0,Draft,,
VO-PRJ-052-003,PRJ-052,3,Energy pressure positive staff best.,Authority Requirement,2022-09-13,-13469040,0,Approved,,
VO-PRJ-054-001,PRJ-054,1,Production ago fly travel.,Scope Addition,2024-02-16,-4856560,7,Draft,,
VO-PRJ-055-001,PRJ-055,1,Debate recently change important even one.,Client Request,2023-09-09,-2573866,45,Under Negotiation,,Veronica Hutchinson
VO-PRJ-055-002,PRJ-055,2,Fear investment not physical church among less sit.,Site Condition,2023-05-07,22417936,0,Rejected,,Monica Davis
VO-PRJ-055-003,PRJ-055,3,Surface two ball audience weight when.,Material Substitution,2023-04-10,-23446486,7,Submitted,,
VO-PRJ-055-004,PRJ-055,4,Class evidence situation feeling school establish either success.,Material Substitution,2023-06-29,13539884,45,Draft,,
VO-PRJ-055-005,PRJ-055,5,Inside need sister wife.,Authority Requirement,2023-01-02,6189926,0,Draft,,Sara Whitney
VO-PRJ-056-001,PRJ-056,1,Prevent would stock newspaper product green soon.,Authority Requirement,2024-09-16,20422140,0,Approved,,
VO-PRJ-056-002,PRJ-056,2,Tough expect decision several professor focus focus.,Client Request,2024-11-07,11709783,0,Under Negotiation,,
VO-PRJ-056-003,PRJ-056,3,Can gas standard recently health player matter reduce.,Design Change,2025-09-14,21437081,14,Approved,,
VO-PRJ-056-004,PRJ-056,4,Interesting outside actually billion reason.,Site Condition,2025-09-25,9118210,0,Approved,,Richard James
VO-PRJ-056-005,PRJ-056,5,Event cost per wonder.,Material Substitution,2025-02-22,15143535,30,Rejected,,Meghan Smith
VO-PRJ-056-006,PRJ-056,6,Break realize hotel prepare tough final.,Scope Addition,2025-02-10,21603197,30,Under Negotiation,,
VO-PRJ-056-007,PRJ-056,7,Anything voice speak list machine city.,Material Substitution,2025-02-24,19412086,45,Rejected,,
VO-PRJ-056-008,PRJ-056,8,Look eye hit well whatever want mother.,Design Change,2025-03-31,20921631,0,Under Negotiation,,Michael Morrison
VO-PRJ-057-001,PRJ-057,1,Behind six arm respond stop economic political film.,Client Request,2020-10-25,23382691,0,Approved,,Sally Preston
VO-PRJ-057-002,PRJ-057,2,Animal child crime firm.,Authority Requirement,2022-07-02,9661809,0,Under Negotiation,,
VO-PRJ-057-003,PRJ-057,3,Lead Democrat since item new present.,Material Substitution,2021-04-08,8634666,0,Rejected,,
VO-PRJ-057-004,PRJ-057,4,Support her whatever growth ground catch meeting.,Authority Requirement,2022-11-04,17101535,14,Under Negotiation,,
VO-PRJ-057-005,PRJ-057,5,Wait theory growth right international his.,Scope Addition,2022-08-09,20906464,0,Draft,,Christopher Morales
VO-PRJ-057-006,PRJ-057,6,List difference anything compare good if enter.,Design Change,2021-07-14,22993675,0,Draft,,Jeremy Hicks
VO-PRJ-057-007,PRJ-057,7,One player wish experience.,Site Condition,2022-05-30,17802273,0,Under Negotiation,,
VO-PRJ-057-008,PRJ-057,8,Expert brother recognize.,Authority Requirement,2022-01-20,22059544,0,Approved,,
VO-PRJ-058-001,PRJ-058,1,Forget seat deep.,Scope Addition,2022-09-12,-11771202,0,Approved,,Mr. Theodore Banks
VO-PRJ-058-002,PRJ-058,2,Mission opportunity possible cup.,Material Substitution,2024-08-09,5917918,0,Under Negotiation,,Shaun Pena
VO-PRJ-058-003,PRJ-058,3,For evidence concern modern billion course.,Client Request,2024-08-14,-12340861,7,Submitted,,
VO-PRJ-058-004,PRJ-058,4,Eye pattern pass suggest.,Authority Requirement,2023-10-30,-8758075,0,Approved,,
VO-PRJ-058-005,PRJ-058,5,Ball accept blue really.,Site Condition,2023-09-28,4524862,0,Submitted,,Julia Everett
VO-PRJ-058-006,PRJ-058,6,Here stop nation will tend.,Material Substitution,2024-01-28,-3042937,0,Approved,,
VO-PRJ-059-001,PRJ-059,1,Page just yes development indeed show.,Site Condition,2025-11-23,-9852615,14,Draft,,
VO-PRJ-059-002,PRJ-059,2,Your day player simply hospital.,Client Request,2025-12-29,5652983,0,Approved,,Christy Wagner
VO-PRJ-060-001,PRJ-060,1,Hospital say red money.,Scope Addition,2025-05-06,-462072,0,Draft,,
VO-PRJ-060-002,PRJ-060,2,Him whose first purpose music country smile.,Scope Addition,2025-01-23,379449,0,Approved,,Carla Jones
VO-PRJ-060-003,PRJ-060,3,Student save policy agree fly professional care.,Scope Addition,2025-02-01,-112280,45,Approved,,
VO-PRJ-060-004,PRJ-060,4,Have recent majority.,Authority Requirement,2023-07-26,404265,0,Submitted,,Mark Marsh
VO-PRJ-060-005,PRJ-060,5,Unit perform Mrs why kind.,Site Condition,2025-09-27,467351,7,Rejected,,
VO-PRJ-061-001,PRJ-061,1,Hear that behind color middle dinner.,Scope Addition,2025-02-15,7897165,7,Approved,,
VO-PRJ-061-002,PRJ-061,2,Drop term body minute ready give try.,Site Condition,2023-06-25,16374741,14,Draft,,David Manning
VO-PRJ-061-003,PRJ-061,3,Foreign response cut specific realize.,Site Condition,2023-04-03,-3061849,45,Approved,,Catherine Bailey
VO-PRJ-061-004,PRJ-061,4,Back big himself condition record establish debate.,Client Request,2023-06-15,4317983,7,Approved,,Diane Martinez
VO-PRJ-061-005,PRJ-061,5,Cut many area day let plant.,Client Request,2023-02-27,-10144361,0,Under Negotiation,,Patrick Williams
VO-PRJ-061-006,PRJ-061,6,Able place machine discussion father debate.,Site Condition,2024-03-16,-14198336,0,Rejected,,April Banks
VO-PRJ-061-007,PRJ-061,7,Wife decade right huge available idea.,Design Change,2023-10-12,-7026780,0,Submitted,,Kimberly Bender
VO-PRJ-062-001,PRJ-062,1,Specific former behind.,Authority Requirement,2024-07-17,20807659,14,Approved,,
VO-PRJ-062-002,PRJ-062,2,Especially policy road water.,Scope Addition,2021-11-18,18547352,0,Approved,,
VO-PRJ-062-003,PRJ-062,3,Candidate cup high medical analysis room some.,Design Change,2022-10-20,9765522,14,Draft,,Caroline Williams
VO-PRJ-062-004,PRJ-062,4,State yard free pretty.,Authority Requirement,2022-02-16,9552655,0,Draft,,Dawn Snow
VO-PRJ-062-005,PRJ-062,5,Sort to animal if baby break.,Client Request,2022-06-08,-13849594,45,Approved,,
VO-PRJ-062-006,PRJ-062,6,Admit entire pretty tree career hair play cultural.,Material Substitution,2021-09-11,4579486,7,Approved,,Amanda Brooks
VO-PRJ-062-007,PRJ-062,7,Some woman professor despite hand group dream.,Client Request,2023-01-19,17135586,45,Rejected,,
VO-PRJ-062-008,PRJ-062,8,Never moment child end decide nor keep morning.,Authority Requirement,2023-02-18,2727740,0,Approved,,
VO-PRJ-062-009,PRJ-062,9,Night analysis generation growth represent decade tell dark.,Site Condition,2023-09-15,15136289,7,Under Negotiation,,
VO-PRJ-062-010,PRJ-062,10,Leave wind wide.,Authority Requirement,2023-03-15,17360868,0,Draft,,April Nunez
VO-PRJ-063-001,PRJ-063,1,Fight lay training.,Authority Requirement,2021-08-10,12397528,45,Approved,,Robert Smith
VO-PRJ-063-002,PRJ-063,2,Quickly hot site middle she plant.,Material Substitution,2021-08-30,7123595,45,Under Negotiation,,Erica Mahoney
VO-PRJ-063-003,PRJ-063,3,Market smile Republican card dark face among drive.,Authority Requirement,2021-10-04,9658728,7,Approved,,Michael Andrews
VO-PRJ-064-001,PRJ-064,1,Step system light.,Design Change,2022-03-23,3361540,7,Submitted,,
VO-PRJ-064-002,PRJ-064,2,High drug option seven someone.,Site Condition,2022-03-15,7185287,0,Approved,,Vicki Thomas
VO-PRJ-064-003,PRJ-064,3,Wish child huge.,Material Substitution,2022-04-17,3693962,45,Approved,,Cindy Spencer
VO-PRJ-064-004,PRJ-064,4,Especially respond capital explain.,Authority Requirement,2022-09-17,1853322,7,Rejected,,Charles Rojas
VO-PRJ-064-005,PRJ-064,5,Color dream chance reality.,Client Request,2023-07-03,2696974,0,Under Negotiation,,
VO-PRJ-064-006,PRJ-064,6,Address benefit can money.,Scope Addition,2023-04-17,12288806,7,Submitted,,
VO-PRJ-064-007,PRJ-064,7,Name public enter dog.,Authority Requirement,2022-02-20,8426929,14,Rejected,,Sara Bradley
VO-PRJ-064-008,PRJ-064,8,Friend serve page win bring.,Authority Requirement,2023-01-15,-9205967,30,Under Negotiation,,Catherine Ramirez PhD
VO-PRJ-064-009,PRJ-064,9,Ever same son experience tonight Mr whom.,Client Request,2023-04-11,9038591,14,Draft,,
VO-PRJ-065-001,PRJ-065,1,Learn value democratic attorney every necessary a.,Authority Requirement,2025-07-13,4104434,0,Approved,,
VO-PRJ-065-002,PRJ-065,2,Our hot to.,Design Change,2025-04-16,10671307,7,Draft,,
VO-PRJ-065-003,PRJ-065,3,Area magazine could business wide institution.,Design Change,2025-12-06,-2573674,0,Submitted,,
VO-PRJ-065-004,PRJ-065,4,Instead majority usually sit.,Client Request,2025-06-29,10842292,30,Rejected,,Charles Morris
VO-PRJ-066-001,PRJ-066,1,Protect occur remain ten crime risk consumer feeling.,Material Substitution,2024-11-03,4125229,0,Approved,,
VO-PRJ-066-002,PRJ-066,2,Ask it order close.,Authority Requirement,2023-05-22,-17659725,0,Approved,,Sarah Gonzalez
VO-PRJ-066-003,PRJ-066,3,Culture voice foot return.,Design Change,2023-08-18,17467227,45,Under Negotiation,,
VO-PRJ-066-004,PRJ-066,4,Over agreement certain race sign technology.,Site Condition,2023-12-11,16398286,0,Approved,,Sabrina Williams
VO-PRJ-066-005,PRJ-066,5,Your federal commercial full.,Client Request,2023-05-22,9867336,0,Approved,,William King
VO-PRJ-066-006,PRJ-066,6,Hold push mission station note offer.,Authority Requirement,2023-09-02,7672871,0,Approved,,Melissa Bailey
VO-PRJ-069-001,PRJ-069,1,Increase choose whole reality cultural.,Scope Addition,2022-03-11,-15798641,14,Approved,,
VO-PRJ-069-002,PRJ-069,2,Both type teacher need speech.,Material Substitution,2021-03-26,3802279,14,Approved,,Joseph Romero
VO-PRJ-069-003,PRJ-069,3,Half person rule southern participant future several often.,Site Condition,2023-05-28,16151920,7,Draft,,Justin Ward
VO-PRJ-069-004,PRJ-069,4,Arrive record continue speak local different.,Site Condition,2023-05-23,17408716,30,Approved,,Cheryl Smith
VO-PRJ-069-005,PRJ-069,5,Nice them audience.,Design Change,2022-02-02,-2401498,30,Approved,,Elizabeth Petersen
VO-PRJ-069-006,PRJ-069,6,Race expect rest send collection people.,Design Change,2021-05-19,4770372,14,Approved,,
VO-PRJ-069-007,PRJ-069,7,Economic happen position thank among point herself.,Scope Addition,2020-10-25,12964184,0,Approved,,Brenda Richard
VO-PRJ-069-008,PRJ-069,8,Second four candidate.,Design Change,2023-02-22,3053993,14,Approved,,
VO-PRJ-070-001,PRJ-070,1,Sort play religious throughout billion book.,Design Change,2025-10-30,19515583,45,Submitted,,Paul Richardson
VO-PRJ-070-002,PRJ-070,2,Concern field author institution impact inside.,Site Condition,2025-09-24,-21133543,0,Submitted,,
VO-PRJ-070-003,PRJ-070,3,Ago positive now enter any fine I.,Material Substitution,2025-01-17,-19271177,14,Approved,,
VO-PRJ-070-004,PRJ-070,4,Eat interest entire.,Authority Requirement,2024-03-21,3666654,0,Approved,,
VO-PRJ-070-005,PRJ-070,5,Service without choose involve establish risk.,Material Substitution,2023-12-12,11235450,14,Approved,,Jason Jones
VO-PRJ-070-006,PRJ-070,6,Fear around program thus short.,Material Substitution,2023-11-15,6006921,0,Submitted,,Gregory Preston
VO-PRJ-070-007,PRJ-070,7,Couple build participant friend successful.,Material Substitution,2024-09-26,5203014,7,Draft,,Marie Johnson
VO-PRJ-071-001,PRJ-071,1,Drive whose back would clear guy.,Material Substitution,2025-09-06,3119881,0,Under Negotiation,,Jeremy Kim
VO-PRJ-071-002,PRJ-071,2,Article just personal high example media physical.,Design Change,2025-04-27,-4415589,0,Approved,,
VO-PRJ-071-003,PRJ-071,3,Level probably air.,Design Change,2025-12-10,-3548657,30,Under Negotiation,,
VO-PRJ-071-004,PRJ-071,4,Same rule run board.,Scope Addition,2025-06-14,5721345,45,Draft,,
VO-PRJ-071-005,PRJ-071,5,Model across hot policy wall.,Client Request,2025-01-18,4129811,14,Approved,,Jordan Parker
VO-PRJ-072-001,PRJ-072,1,Present agent eight attorney area why rich keep.,Client Request,2025-03-15,-1838282,14,Rejected,,
VO-PRJ-072-002,PRJ-072,2,Rule south true common.,Authority Requirement,2024-11-09,3548582,7,Submitted,,Kyle Smith
VO-PRJ-072-003,PRJ-072,3,Eye thousand beat available learn provide.,Scope Addition,2025-05-18,3962667,7,Approved,,Christine Johnson
VO-PRJ-072-004,PRJ-072,4,Have act because road message near.,Scope Addition,2024-11-16,-2234695,30,Draft,,Alan Jordan
VO-PRJ-072-005,PRJ-072,5,Positive environment enter direction visit forward.,Design Change,2024-11-02,5097978,45,Rejected,,Barbara Ball
VO-PRJ-072-006,PRJ-072,6,Listen rate assume sing music boy who.,Scope Addition,2025-01-19,1053836,7,Approved,,
VO-PRJ-072-007,PRJ-072,7,Bad remember company right.,Scope Addition,2024-12-30,4766743,7,Submitted,,
VO-PRJ-072-008,PRJ-072,8,Debate have cover born hotel.,Client Request,2025-09-09,5472424,0,Rejected,,
VO-PRJ-072-009,PRJ-072,9,Action effort recently material water girl.,Material Substitution,2025-01-19,-3162728,0,Approved,,Amanda Gonzalez
VO-PRJ-072-010,PRJ-072,10,Cost according certain safe.,Design Change,2025-12-14,-3977031,45,Draft,,Elizabeth Cervantes
VO-PRJ-073-001,PRJ-073,1,Feel after military rest.,Client Request,2021-04-12,11337870,0,Under Negotiation,,
VO-PRJ-073-002,PRJ-073,2,Investment or fish war spend imagine between address.,Site Condition,2022-06-12,2763136,0,Draft,,Lisa Young
VO-PRJ-073-003,PRJ-073,3,Strategy opportunity better significant.,Site Condition,2021-10-11,-12511124,0,Draft,,Allison Larson
VO-PRJ-073-004,PRJ-073,4,Box strong technology later religious yes onto.,Client Request,2022-08-13,18569037,0,Submitted,,Rebecca Lopez
VO-PRJ-073-005,PRJ-073,5,Language together run friend option tough performance.,Authority Requirement,2021-12-18,4451576,14,Under Negotiation,,
VO-PRJ-073-006,PRJ-073,6,Player fear former analysis if.,Scope Addition,2021-10-05,6049840,7,Approved,,
VO-PRJ-074-001,PRJ-074,1,Look mouth report personal.,Design Change,2025-09-11,7593450,0,Approved,,Jeffrey Ramirez
VO-PRJ-076-001,PRJ-076,1,These also audience she.,Scope Addition,2025-05-22,19710943,0,Rejected,,
VO-PRJ-076-002,PRJ-076,2,Recognize life standard country.,Authority Requirement,2025-10-01,3221387,0,Approved,,
VO-PRJ-076-003,PRJ-076,3,Manage marriage might production lay medical.,Site Condition,2024-03-17,-8551056,7,Approved,,Jorge Macdonald III
VO-PRJ-076-004,PRJ-076,4,Me society plan.,Authority Requirement,2024-05-12,6576474,0,Rejected,,
VO-PRJ-076-005,PRJ-076,5,Course seven year lawyer condition.,Site Condition,2025-05-19,6496243,30,Draft,,David Reynolds
VO-PRJ-076-006,PRJ-076,6,Stock hold clearly bank.,Design Change,2025-12-10,11229229,0,Approved,,
VO-PRJ-077-001,PRJ-077,1,Operation whose safe quickly.,Scope Addition,2025-06-03,-1525285,0,Approved,,
VO-PRJ-077-002,PRJ-077,2,Around radio trouble industry only simply.,Authority Requirement,2024-10-17,-686640,0,Rejected,,Alicia Nelson
VO-PRJ-077-003,PRJ-077,3,Person score Congress pretty watch.,Design Change,2025-08-16,951746,30,Under Negotiation,,John Todd
VO-PRJ-077-004,PRJ-077,4,Simple individual thousand.,Design Change,2025-01-18,1031816,0,Approved,,
VO-PRJ-077-005,PRJ-077,5,Staff other wife analysis hospital.,Site Condition,2025-06-21,-368454,0,Under Negotiation,,Katherine Smith
VO-PRJ-077-006,PRJ-077,6,Government moment ago already story any.,Client Request,2025-11-26,-764008,30,Approved,,Daniel Butler
VO-PRJ-077-007,PRJ-077,7,Cost answer report seven stop goal wish he.,Scope Addition,2025-07-11,433306,0,Draft,,Emily Miller
VO-PRJ-078-001,PRJ-078,1,See simple such end individual hotel head.,Authority Requirement,2024-02-12,6117867,0,Submitted,,Mark Cisneros
VO-PRJ-079-001,PRJ-079,1,Why key begin brother piece body together financial.,Scope Addition,2023-10-10,5507941,0,Rejected,,Johnny Baker
VO-PRJ-079-002,PRJ-079,2,Down study behavior.,Site Condition,2023-05-17,-5675664,7,Submitted,,
VO-PRJ-079-003,PRJ-079,3,Nor western behavior budget long.,Client Request,2023-05-11,13713608,14,Approved,,
VO-PRJ-079-004,PRJ-079,4,He why you so everything stay.,Scope Addition,2022-12-07,13257636,0,Draft,,Christina Baxter
VO-PRJ-079-005,PRJ-079,5,Stand great vote teacher throw per.,Authority Requirement,2021-09-18,9634614,0,Rejected,,Danielle Hansen
VO-PRJ-079-006,PRJ-079,6,Trade water arrive.,Material Substitution,2023-04-19,-10059244,0,Submitted,,Justin Ramos MD
VO-PRJ-079-007,PRJ-079,7,Line happen data some wall thousand.,Authority Requirement,2022-07-19,1960420,30,Approved,,
VO-PRJ-079-008,PRJ-079,8,Product wonder management dark value.,Client Request,2023-08-09,6426877,0,Approved,,
VO-PRJ-079-009,PRJ-079,9,Million color leader.,Authority Requirement,2021-09-06,6501739,0,Approved,,
VO-PRJ-080-001,PRJ-080,1,Debate music task.,Material Substitution,2024-05-31,9758869,0,Approved,,Mark Pham
VO-PRJ-080-002,PRJ-080,2,Me suggest either.,Site Condition,2024-05-17,12676654,45,Under Negotiation,,Jennifer Harper
VO-PRJ-081-001,PRJ-081,1,Agency less major minute southern government though human.,Material Substitution,2021-07-07,4113315,30,Under Negotiation,,
VO-PRJ-081-002,PRJ-081,2,Material how fine.,Client Request,2021-08-05,8748607,0,Approved,,Daniel Lawrence
VO-PRJ-081-003,PRJ-081,3,Response its positive by college letter.,Material Substitution,2022-02-08,6646141,45,Rejected,,
VO-PRJ-081-004,PRJ-081,4,Car bit future sister social water.,Authority Requirement,2020-09-05,14012711,7,Rejected,,
VO-PRJ-081-005,PRJ-081,5,Affect support model few somebody green.,Authority Requirement,2021-01-09,5159150,0,Rejected,,Stephanie Zimmerman
VO-PRJ-081-006,PRJ-081,6,First must space tough them person today sure.,Design Change,2021-09-28,-7955126,0,Rejected,,Veronica Bell
VO-PRJ-081-007,PRJ-081,7,White mother computer must news improve size field.,Scope Addition,2020-11-11,11880542,45,Under Negotiation,,
VO-PRJ-082-001,PRJ-082,1,Rule suggest prove should tough.,Client Request,2022-05-16,3075253,45,Submitted,,
VO-PRJ-082-002,PRJ-082,2,Per suffer mention.,Client Request,2022-08-18,9133054,7,Submitted,,Richard Mcdonald
VO-PRJ-082-003,PRJ-082,3,Kind send bit resource president.,Material Substitution,2021-07-13,5408147,45,Rejected,,Alexis Moore
VO-PRJ-082-004,PRJ-082,4,Coach maintain view game suggest far right probably.,Authority Requirement,2022-02-11,4492764,7,Approved,,William Moyer
VO-PRJ-082-005,PRJ-082,5,Sense interview idea above.,Material Substitution,2022-12-28,-7944155,30,Approved,,Jennifer Davis
VO-PRJ-083-001,PRJ-083,1,Watch interview fish those knowledge question.,Client Request,2023-06-24,-4023598,0,Draft,,
VO-PRJ-083-002,PRJ-083,2,Can hard instead need sense.,Scope Addition,2021-05-28,6587963,0,Under Negotiation,,
VO-PRJ-083-003,PRJ-083,3,Stand economy police among probably return personal.,Client Request,2020-07-20,5507506,7,Submitted,,Sierra Pierce
VO-PRJ-083-004,PRJ-083,4,Money toward second help way.,Design Change,2022-02-18,-4364331,45,Rejected,,Alison Wilson
VO-PRJ-083-005,PRJ-083,5,Family most you case represent.,Scope Addition,2021-11-18,1926490,0,Under Negotiation,,
VO-PRJ-083-006,PRJ-083,6,Consumer new throughout tend general.,Material Substitution,2021-05-01,-6362531,0,Submitted,,
VO-PRJ-083-007,PRJ-083,7,Look letter over.,Site Condition,2020-12-02,5796219,0,Approved,,Rebecca Thornton
VO-PRJ-083-008,PRJ-083,8,Might want away artist represent PM difficult.,Authority Requirement,2021-06-28,-854474,0,Approved,,
VO-PRJ-084-001,PRJ-084,1,Speak audience paper chance yeah.,Client Request,2023-01-17,490019,0,Submitted,,Paul Romero
VO-PRJ-084-002,PRJ-084,2,Single nice blue practice sell.,Scope Addition,2023-04-14,377706,45,Approved,,Gregory Ellis
VO-PRJ-084-003,PRJ-084,3,Develop such animal customer green.,Client Request,2022-03-25,623357,0,Draft,,
VO-PRJ-084-004,PRJ-084,4,Kitchen into land four.,Authority Requirement,2021-12-23,285398,7,Approved,,Frank Bonilla
VO-PRJ-084-005,PRJ-084,5,Machine traditional PM throughout himself arrive.,Scope Addition,2022-11-29,589541,45,Rejected,,
VO-PRJ-084-006,PRJ-084,6,Teach decade young attack Congress education.,Site Condition,2023-03-04,197027,0,Approved,,
VO-PRJ-084-007,PRJ-084,7,Yet share behavior its.,Authority Requirement,2022-12-05,475883,14,Under Negotiation,,Eugene Perry
VO-PRJ-084-008,PRJ-084,8,Political meet show somebody.,Design Change,2022-08-22,-570157,0,Approved,,
VO-PRJ-085-001,PRJ-085,1,Present indicate nation away month.,Scope Addition,2025-11-09,9873665,0,Rejected,,
VO-PRJ-085-002,PRJ-085,2,Race season listen art hit employee treatment.,Material Substitution,2025-02-23,5173034,14,Approved,,Michael Cannon
VO-PRJ-085-003,PRJ-085,3,Help agent rise article rock choice include member.,Site Condition,2025-05-01,7053061,14,Submitted,,Megan Ho
VO-PRJ-085-004,PRJ-085,4,Stock land economic southern news local.,Scope Addition,2025-07-10,6294770,0,Approved,,Aaron Walker
VO-PRJ-086-001,PRJ-086,1,Seven executive boy cover evening there single.,Client Request,2022-12-27,2605989,45,Approved,,Carla Cardenas
VO-PRJ-086-002,PRJ-086,2,Who Congress development property long home.,Site Condition,2022-10-28,-1781023,0,Rejected,,
VO-PRJ-086-003,PRJ-086,3,Seven game stay add single once.,Material Substitution,2022-12-11,3609208,30,Under Negotiation,,Tracy Wright
VO-PRJ-086-004,PRJ-086,4,Guess group door prevent pick college rate.,Site Condition,2023-02-02,-4143495,45,Under Negotiation,,
VO-PRJ-086-005,PRJ-086,5,Just forward those manager huge.,Site Condition,2022-12-06,853542,0,Under Negotiation,,Melissa Bishop
VO-PRJ-086-006,PRJ-086,6,Attention no pretty.,Client Request,2022-09-05,-3071028,7,Under Negotiation,,
VO-PRJ-086-007,PRJ-086,7,Clearly land evening drive music toward chair that.,Scope Addition,2022-10-26,4871445,0,Draft,,
VO-PRJ-086-008,PRJ-086,8,Surface good ready do.,Scope Addition,2023-03-30,-5665392,45,Draft,,Paula Walker
VO-PRJ-086-009,PRJ-086,9,Statement people production together.,Design Change,2022-05-15,2559169,0,Submitted,,Emily Salas
VO-PRJ-088-001,PRJ-088,1,Sort art past yet.,Scope Addition,2025-01-10,4544526,14,Draft,,Kimberly Smith
VO-PRJ-088-002,PRJ-088,2,Middle history right physical represent newspaper.,Material Substitution,2025-10-18,1386195,30,Approved,,
VO-PRJ-088-003,PRJ-088,3,Much later current.,Authority Requirement,2025-01-07,1191928,30,Draft,,
VO-PRJ-089-001,PRJ-089,1,Maintain film source billion.,Scope Addition,2024-10-23,9693831,0,Under Negotiation,,
VO-PRJ-089-002,PRJ-089,2,Near cover site Mr game image stuff.,Scope Addition,2024-12-03,13111714,45,Approved,,Patrick Lewis
VO-PRJ-089-003,PRJ-089,3,Suddenly doctor month manager as after policy.,Authority Requirement,2024-07-10,5142178,30,Draft,,Laura Bridges
VO-PRJ-089-004,PRJ-089,4,Interesting term responsibility interest financial purpose.,Client Request,2024-11-28,7304022,7,Submitted,,
VO-PRJ-089-005,PRJ-089,5,Right mission officer run look two common say.,Scope Addition,2025-02-18,10421019,30,Approved,,Eric Hudson
VO-PRJ-089-006,PRJ-089,6,Picture call management present threat need key would.,Scope Addition,2025-01-13,11218002,45,Approved,,
VO-PRJ-089-007,PRJ-089,7,Hotel kitchen point million.,Design Change,2025-04-12,1502863,0,Approved,,
VO-PRJ-089-008,PRJ-089,8,Least cell lay have common what.,Scope Addition,2024-05-21,9848404,14,Draft,,Amy Bright
VO-PRJ-089-009,PRJ-089,9,Country serve development kid economy especially yet long.,Site Condition,2025-12-02,6353742,0,Approved,,
VO-PRJ-089-010,PRJ-089,10,Who generation fire yeah.,Site Condition,2025-11-21,-5245132,7,Submitted,,Austin Wilson
VO-PRJ-090-001,PRJ-090,1,Four know site whose late ago lay.,Client Request,2022-10-13,-4213214,0,Rejected,,
VO-PRJ-090-002,PRJ-090,2,Window paper step bring best summer.,Material Substitution,2023-09-05,-1558593,14,Draft,,David Gonzalez
VO-PRJ-090-003,PRJ-090,3,Threat claim follow account development guess.,Design Change,2021-01-14,5399177,14,Approved,,
VO-PRJ-090-004,PRJ-090,4,Spring because beyond front.,Material Substitution,2021-04-12,665868,0,Draft,,
VO-PRJ-090-005,PRJ-090,5,Later shoulder other factor open painting.,Client Request,2023-08-13,-5368478,0,Under Negotiation,,
VO-PRJ-090-006,PRJ-090,6,Several series likely discussion reflect lose growth.,Scope Addition,2022-04-09,-2975616,7,Draft,,Beth Arnold
VO-PRJ-090-007,PRJ-090,7,American together soon describe.,Client Request,2021-04-23,5468485,0,Under Negotiation,,
VO-PRJ-090-008,PRJ-090,8,Home trial cover how likely member.,Client Request,2022-12-04,2278814,0,Rejected,,
VO-PRJ-090-009,PRJ-090,9,Join its information system feel.,Material Substitution,2022-11-07,3461263,0,Approved,,
VO-PRJ-091-001,PRJ-091,1,Rest today meet bring product.,Material Substitution,2023-08-24,3957822,0,Approved,,
VO-PRJ-091-002,PRJ-091,2,Six teacher seven north.,Scope Addition,2025-07-07,3743486,45,Submitted,,Robert Mueller
VO-PRJ-091-003,PRJ-091,3,Cell yeah family pattern tell.,Site Condition,2026-01-13,1227974,45,Approved,,
VO-PRJ-091-004,PRJ-091,4,Become stop entire enjoy.,Scope Addition,2023-09-22,-967636,0,Under Negotiation,,
VO-PRJ-091-005,PRJ-091,5,Game issue professional must college office scene me.,Authority Requirement,2023-05-23,3910845,0,Rejected,,Anna Galvan
VO-PRJ-091-006,PRJ-091,6,Memory rich past court series.,Material Substitution,2025-05-09,1042481,14,Draft,,Sydney Garcia
VO-PRJ-092-001,PRJ-092,1,Sit week quality.,Client Request,2025-08-12,646935,0,Draft,,Teresa Henry
VO-PRJ-092-002,PRJ-092,2,Bad next sell rich with mention.,Design Change,2025-06-23,3846184,7,Rejected,,
VO-PRJ-092-003,PRJ-092,3,Financial whom air.,Site Condition,2025-07-27,3437420,0,Approved,,
VO-PRJ-092-004,PRJ-092,4,Thank minute bad red customer.,Site Condition,2026-02-04,3682448,0,Draft,,
VO-PRJ-093-001,PRJ-093,1,Deep drive a group energy.,Scope Addition,2022-02-08,-6604272,0,Approved,,
VO-PRJ-093-002,PRJ-093,2,Save blue travel general.,Site Condition,2022-12-07,2062731,0,Draft,,Mark Rios
VO-PRJ-093-003,PRJ-093,3,Candidate bank raise organization why others successful year.,Scope Addition,2021-10-23,7642310,45,Rejected,,Andrea Gray
VO-PRJ-093-004,PRJ-093,4,Majority indicate west notice.,Site Condition,2021-10-01,7314291,0,Under Negotiation,,Samantha Good
VO-PRJ-093-005,PRJ-093,5,My daughter huge too wrong.,Material Substitution,2021-11-13,-3266639,45,Submitted,,
VO-PRJ-093-006,PRJ-093,6,Station add series future word product.,Authority Requirement,2022-08-06,-5987365,45,Approved,,James Clark
VO-PRJ-093-007,PRJ-093,7,Hair suddenly crime environment part.,Material Substitution,2022-02-25,-3869481,30,Rejected,,Aaron Silva
VO-PRJ-093-008,PRJ-093,8,Watch he friend.,Design Change,2021-10-09,1418722,45,Approved,,
VO-PRJ-093-009,PRJ-093,9,Determine some gas it common final.,Site Condition,2022-11-26,5962171,45,Submitted,,Shannon Lucas
VO-PRJ-093-010,PRJ-093,10,Admit son yes many enter everybody third.,Authority Requirement,2022-05-31,2669960,0,Approved,,
VO-PRJ-094-001,PRJ-094,1,Green yard raise now decision response.,Scope Addition,2021-03-05,921700,30,Submitted,,Stephanie Fowler
VO-PRJ-094-002,PRJ-094,2,Series public site between treatment not hard.,Material Substitution,2022-04-25,1158831,0,Under Negotiation,,
VO-PRJ-094-003,PRJ-094,3,Phone doctor popular often.,Client Request,2022-08-01,3289597,0,Draft,,Randy Jimenez
VO-PRJ-094-004,PRJ-094,4,Person question growth.,Client Request,2021-04-06,5376470,0,Rejected,,
VO-PRJ-094-005,PRJ-094,5,Trial forward mean wish most respond end.,Material Substitution,2021-07-05,5000781,0,Under Negotiation,,
VO-PRJ-096-001,PRJ-096,1,Employee operation allow society quality most would force.,Site Condition,2022-08-28,3826990,14,Submitted,,Erika Palmer
VO-PRJ-096-002,PRJ-096,2,Participant standard name court agency.,Site Condition,2022-06-21,11767417,0,Submitted,,Paul Hernandez
VO-PRJ-096-003,PRJ-096,3,Whose so important politics figure great.,Material Substitution,2022-12-24,-13298949,0,Approved,,David Ellis
VO-PRJ-097-001,PRJ-097,1,Back country window reveal give president under.,Client Request,2022-10-13,4494392,0,Approved,,
VO-PRJ-097-002,PRJ-097,2,Arm author big report remember avoid.,Site Condition,2022-10-28,2595002,45,Approved,,
VO-PRJ-097-003,PRJ-097,3,Also everybody standard.,Site Condition,2023-05-26,3064911,45,Rejected,,
VO-PRJ-098-001,PRJ-098,1,Rich side scientist radio.,Authority Requirement,2021-01-14,-17020509,0,Under Negotiation,,Ashley Baxter
VO-PRJ-098-002,PRJ-098,2,Expect foot five this record history follow guess.,Material Substitution,2020-09-02,17476507,0,Rejected,,Brian Moore
VO-PRJ-099-001,PRJ-099,1,My article treat around course can four.,Scope Addition,2022-09-09,9699910,0,Approved,,Jon Reynolds
VO-PRJ-099-002,PRJ-099,2,Benefit surface middle doctor.,Scope Addition,2021-04-02,8196443,7,Submitted,,Amanda Sullivan
VO-PRJ-100-001,PRJ-100,1,Up career quality spend capital hold.,Design Change,2022-02-02,-11227361,0,Approved,,Miguel Evans
VO-PRJ-100-002,PRJ-100,2,True suddenly art baby.,Scope Addition,2021-06-05,3093674,14,Approved,,Colleen Dominguez
VO-PRJ-100-003,PRJ-100,3,Information often high word.,Scope Addition,2021-12-01,10420549,0,Draft,,Miss Susan Lopez
VO-PRJ-100-004,PRJ-100,4,Risk sometimes worker hold film fall film.,Design Change,2021-09-02,10990569,7,Approved,,
VO-PRJ-100-005,PRJ-100,5,Compare measure seek enough.,Client Request,2021-11-23,9039668,0,Draft,,Emily Gonzalez
VO-PRJ-100-006,PRJ-100,6,Single add role happen pass tough role.,Site Condition,2021-07-16,10935186,45,Approved,,Martin Graham
VO-PRJ-100-007,PRJ-100,7,However former knowledge condition ago.,Authority Requirement,2021-10-14,12850233,0,Rejected,,John Ashley Jr.
VO-PRJ-100-008,PRJ-100,8,Strategy head bag.,Site Condition,2022-03-23,2091639,7,Approved,,
VO-PRJ-100-009,PRJ-100,9,Scientist toward occur security see base.,Authority Requirement,2021-08-12,6988955,30,Draft,,Juan Watkins
